analogue_threshold_quantile,analogue_availability,method,ratio,users,trips,user_macro_hit_r90,trip_weighted_hit_r90,user_macro_within_200m,user_macro_within_1000m,mean_user_median_error_m
0.8,no_close_train_analogue,bigru,0.25,36,384,0.2914197929884204,0.2359375,0.3025404170515109,0.373257494855792,57618.09186233169
0.8,no_close_train_analogue,bigru,0.5,35,405,0.2300163888290838,0.2138271604938271,0.2255711634309996,0.3305749470133981,66789.4716880967
0.8,no_close_train_analogue,bigru,0.66,37,406,0.245540228312687,0.2330049261083743,0.2563062684628258,0.355174864472585,63551.40195339577
0.8,no_close_train_analogue,bigru,0.75,37,406,0.2634530012162391,0.238423645320197,0.257970967143213,0.3662056351937666,22895.8442309772
0.8,no_close_train_analogue,current_position_only_personal_retrieval,0.25,36,384,0.1204621817237916,0.1197916666666666,0.1417895018256215,0.2261506083165009,56436.79293275393
0.8,no_close_train_analogue,current_position_only_personal_retrieval,0.5,35,405,0.1515874111840193,0.1555555555555555,0.1796335208559583,0.2574779007131643,68460.67543659866
0.8,no_close_train_analogue,current_position_only_personal_retrieval,0.66,37,406,0.2065807006077023,0.2019704433497537,0.227140304680379,0.3280077630226414,62069.28913328329
0.8,no_close_train_analogue,current_position_only_personal_retrieval,0.75,37,406,0.2496650340761722,0.2142857142857142,0.2879349841385751,0.3913064492492368,26759.375612885146
0.8,no_close_train_analogue,geometric_retrieval,0.25,36,384,0.2374861393050247,0.1875,0.273633871002292,0.374792042323002,55431.631236954745
0.8,no_close_train_analogue,geometric_retrieval,0.5,35,405,0.2199727452329444,0.182716049382716,0.2097905460374767,0.3057916201513329,67785.2477546613
0.8,no_close_train_analogue,geometric_retrieval,0.66,37,406,0.2081467090820888,0.1650246305418719,0.2181942823435478,0.3240911120085746,64234.329959614995
0.8,no_close_train_analogue,geometric_retrieval,0.75,37,406,0.2057241764256371,0.1625615763546798,0.2013082266962364,0.318555687438828,31369.938513710626
0.8,no_close_train_analogue,last_observed_point,0.25,36,384,0.1047246856457382,0.0546875,0.1191477625688152,0.1651465789494685,56279.45189669853
0.8,no_close_train_analogue,last_observed_point,0.5,35,405,0.0560589626600241,0.0493827160493827,0.0798725429565765,0.1749689030317071,67276.42168545487
0.8,no_close_train_analogue,last_observed_point,0.66,37,406,0.0636055020565263,0.064039408866995,0.1254598954898671,0.2551337215094543,62604.99625047149
0.8,no_close_train_analogue,last_observed_point,0.75,37,406,0.081206109835142,0.0911330049261083,0.1436530090744941,0.2871686787465849,27381.03991429963
0.8,no_close_train_analogue,most_frequent_personal_destination,0.25,36,384,0.2867618996166467,0.2682291666666667,0.2935027441025892,0.3902330166584553,47111.94672037235
0.8,no_close_train_analogue,most_frequent_personal_destination,0.5,35,405,0.2611852922657266,0.2666666666666666,0.2551573086584905,0.3509890513979336,54020.25555540404
0.8,no_close_train_analogue,most_frequent_personal_destination,0.66,37,406,0.2743364032902157,0.2610837438423645,0.2653774098407407,0.3442513901424925,56531.55072931485
0.8,no_close_train_analogue,most_frequent_personal_destination,0.75,37,406,0.2701806064481049,0.2536945812807882,0.2587994752556529,0.3489304689624227,17931.446225456788
0.8,no_close_train_analogue,nearest_known_destination_to_current_point,0.25,36,384,0.1047246856457382,0.0546875,0.1191477625688152,0.1651465789494685,56279.45189669853
0.8,no_close_train_analogue,nearest_known_destination_to_current_point,0.5,35,405,0.0560589626600241,0.0493827160493827,0.0798725429565765,0.1749689030317071,67276.42168545487
0.8,no_close_train_analogue,nearest_known_destination_to_current_point,0.66,37,406,0.0636055020565263,0.064039408866995,0.1254598954898671,0.2551337215094543,62604.99625047149
0.8,no_close_train_analogue,nearest_known_destination_to_current_point,0.75,37,406,0.081206109835142,0.0911330049261083,0.1436530090744941,0.2871686787465849,27381.03991429963
0.8,no_close_train_analogue,probabilistic_grid_pattern_retrieval,0.25,36,384,0.3039519072736307,0.2526041666666667,0.3396112883599983,0.4361522889257667,54893.40771313781
0.8,no_close_train_analogue,probabilistic_grid_pattern_retrieval,0.5,35,405,0.2257715845508857,0.2074074074074074,0.2235440338814951,0.3232652416628533,67382.16149179153
0.8,no_close_train_analogue,probabilistic_grid_pattern_retrieval,0.66,37,406,0.2398497073156186,0.2068965517241379,0.2443635322126169,0.3485119329175686,61632.02784068915
0.8,no_close_train_analogue,probabilistic_grid_pattern_retrieval,0.75,37,406,0.2358187483567885,0.1921182266009852,0.2392263748471904,0.3447954023882204,28911.11137524771
0.8,no_close_train_analogue,tsmini,0.25,36,384,0.2268697562995808,0.1682291666666666,0.2591265436298976,0.3467015410152665,61429.334337599896
0.8,no_close_train_analogue,tsmini,0.5,35,405,0.1893083303122711,0.1718518518518518,0.2098490825599337,0.3099010990592133,76154.6259759169
0.8,no_close_train_analogue,tsmini,0.66,37,406,0.2021900455715321,0.176847290640394,0.2062267901289933,0.3059635840308621,75948.65189980256
0.8,no_close_train_analogue,tsmini,0.75,37,406,0.1983292118532532,0.167487684729064,0.1999512418715096,0.3084887044792705,43273.16658881593
0.8,train_analogue_present,bigru,0.25,37,1091,0.4246223439587467,0.4201649862511458,0.4655858874547937,0.5878541612750144,1805.4996193695015
0.8,train_analogue_present,bigru,0.5,37,1070,0.4947770306512136,0.4846728971962617,0.5451591135996512,0.6698153712614029,966.9695176148102
0.8,train_analogue_present,bigru,0.66,37,1069,0.5141982048986761,0.5135640785781104,0.572280455915072,0.7075686445684145,818.3722243468767
0.8,train_analogue_present,bigru,0.75,37,1069,0.5275185743979939,0.520112254443405,0.5880520197415285,0.7269950441638491,756.5807836052273
0.8,train_analogue_present,current_position_only_personal_retrieval,0.25,37,1091,0.3727929401226747,0.3620531622364803,0.4266709877574544,0.5572808133142747,1411.1227183540366
0.8,train_analogue_present,current_position_only_personal_retrieval,0.5,37,1070,0.4070071865005605,0.4009345794392523,0.462335267139668,0.6076554955717,1235.940087853888
0.8,train_analogue_present,current_position_only_personal_retrieval,0.66,37,1069,0.495893295027835,0.4855004677268475,0.5549853658749778,0.7005485292081729,490.23572987220246
0.8,train_analogue_present,current_position_only_personal_retrieval,0.75,37,1069,0.5142106165712825,0.5154349859681946,0.5846877726694301,0.72959838492424,386.14185406685425
0.8,train_analogue_present,geometric_retrieval,0.25,37,1091,0.4553069781576362,0.4353803849679193,0.5088053566375195,0.6219665365954679,805.3514701255223
0.8,train_analogue_present,geometric_retrieval,0.5,37,1070,0.471460230734508,0.4700934579439252,0.534259181239047,0.6902535030331574,553.8329214744638
0.8,train_analogue_present,geometric_retrieval,0.66,37,1069,0.5079323377787374,0.5126286248830683,0.5807513572324723,0.7448435941416599,340.29238353922966
0.8,train_analogue_present,geometric_retrieval,0.75,37,1069,0.5455318525218763,0.5463049579045838,0.6211809809661151,0.7817057555970149,306.9448963114317
0.8,train_analogue_present,last_observed_point,0.25,37,1091,0.0974971310053418,0.1127406049495875,0.1182030072092614,0.3413081994311066,3659.646290597499
0.8,train_analogue_present,last_observed_point,0.5,37,1070,0.1580320699182018,0.1785046728971962,0.1795624838753755,0.4608702139090306,2214.5302012674697
0.8,train_analogue_present,last_observed_point,0.66,37,1069,0.2377439524254508,0.2628624883068288,0.285222196836941,0.5848114582045137,1390.7707269025725
0.8,train_analogue_present,last_observed_point,0.75,37,1069,0.3274429476219994,0.3376987839101964,0.3937465347223562,0.6763475227249104,1093.866675360564
0.8,train_analogue_present,most_frequent_personal_destination,0.25,37,1091,0.3708278422002799,0.3693858845096242,0.4049176381681362,0.5190469326534227,2484.0661158226903
0.8,train_analogue_present,most_frequent_personal_destination,0.5,37,1070,0.3749762299992396,0.3719626168224299,0.4079203377773858,0.5269100186144728,2529.8142376983023
0.8,train_analogue_present,most_frequent_personal_destination,0.66,37,1069,0.3728122445494132,0.3741814780168381,0.4087059632028245,0.5283051359231077,2224.315161592588
0.8,train_analogue_present,most_frequent_personal_destination,0.75,37,1069,0.3808301512785705,0.3769878391019644,0.4164619397873869,0.5373378871941995,2207.28305436954
0.8,train_analogue_present,nearest_known_destination_to_current_point,0.25,37,1091,0.0974971310053418,0.1127406049495875,0.1182030072092614,0.3413081994311066,3659.646290597499
0.8,train_analogue_present,nearest_known_destination_to_current_point,0.5,37,1070,0.1580320699182018,0.1785046728971962,0.1795624838753755,0.4608702139090306,2214.5302012674697
0.8,train_analogue_present,nearest_known_destination_to_current_point,0.66,37,1069,0.2377439524254508,0.2628624883068288,0.285222196836941,0.5848114582045137,1390.7707269025725
0.8,train_analogue_present,nearest_known_destination_to_current_point,0.75,37,1069,0.3274429476219994,0.3376987839101964,0.3937465347223562,0.6763475227249104,1093.866675360564
0.8,train_analogue_present,probabilistic_grid_pattern_retrieval,0.25,37,1091,0.4799373583580051,0.4766269477543538,0.5392318362336725,0.642229930859243,657.2171663502833
0.8,train_analogue_present,probabilistic_grid_pattern_retrieval,0.5,37,1070,0.5084134445114118,0.508411214953271,0.5657064820483962,0.7010639878797362,488.9375604423351
0.8,train_analogue_present,probabilistic_grid_pattern_retrieval,0.66,37,1069,0.5308880318623845,0.5313376987839102,0.5934108327459069,0.7228256585692977,395.1332614470422
0.8,train_analogue_present,probabilistic_grid_pattern_retrieval,0.75,37,1069,0.5570944786562654,0.558465855940131,0.6201524902523456,0.7546277486798115,385.8888419597165
0.8,train_analogue_present,tsmini,0.25,37,1091,0.412425844370102,0.3994500458295142,0.4628420915637565,0.5945315091792022,1652.8489538421106
0.8,train_analogue_present,tsmini,0.5,37,1070,0.4704272875008485,0.4635514018691589,0.524817774367417,0.67382224659855,1116.5433685748542
0.8,train_analogue_present,tsmini,0.66,37,1069,0.5043303300657094,0.5000935453695041,0.5707922452174297,0.7239753153404062,688.4542484811165
0.8,train_analogue_present,tsmini,0.75,37,1069,0.5285049579805929,0.5219831618334893,0.5963287273626172,0.7544100812120703,593.3733391304543
0.9,no_close_train_analogue,bigru,0.25,30,197,0.1751820892143473,0.1604060913705584,0.1714414130543163,0.2239829861765345,115727.72530772327
0.9,no_close_train_analogue,bigru,0.5,31,213,0.2203633242153166,0.1868544600938967,0.2228885767405691,0.3128676299454287,115089.41893385915
0.9,no_close_train_analogue,bigru,0.66,29,212,0.1741597578666544,0.1726415094339622,0.200842844894569,0.2596893671462636,115523.8075890142
0.9,no_close_train_analogue,bigru,0.75,30,216,0.1974845871362899,0.1574074074074074,0.2276817973335001,0.2927566815136474,83964.83454624197
0.9,no_close_train_analogue,current_position_only_personal_retrieval,0.25,30,197,0.0652619617135746,0.0812182741116751,0.0729847944364073,0.1063693310467504,107667.90268385716
0.9,no_close_train_analogue,current_position_only_personal_retrieval,0.5,31,213,0.1607811648608612,0.1690140845070422,0.149173491488482,0.2397279928589226,106910.8585412228
0.9,no_close_train_analogue,current_position_only_personal_retrieval,0.66,29,212,0.1537985242726622,0.1698113207547169,0.1780288198391646,0.2378070923329544,126971.8787978151
0.9,no_close_train_analogue,current_position_only_personal_retrieval,0.75,30,216,0.1434173185488975,0.1574074074074074,0.212403546745652,0.2883089668615984,86687.4866636132
0.9,no_close_train_analogue,geometric_retrieval,0.25,30,197,0.1247168952007661,0.1218274111675127,0.1395223227481291,0.2122963587479716,115179.3618221367
0.9,no_close_train_analogue,geometric_retrieval,0.5,31,213,0.1600326934292778,0.1690140845070422,0.1735782876200333,0.2447919148108901,111366.5682712632
0.9,no_close_train_analogue,geometric_retrieval,0.66,29,212,0.1089593596059113,0.0943396226415094,0.129785851122058,0.1969109195402299,116810.71485772444
0.9,no_close_train_analogue,geometric_retrieval,0.75,30,216,0.1422961444014075,0.1064814814814814,0.1650474671527302,0.2365704032809296,97509.11566291844
0.9,no_close_train_analogue,last_observed_point,0.25,30,197,0.0808258258258258,0.0609137055837563,0.0872822822822822,0.1286908691747401,97776.31882504262
0.9,no_close_train_analogue,last_observed_point,0.5,31,213,0.0555615794704978,0.0610328638497652,0.0722553537544049,0.149522604740821,91535.5744108032
0.9,no_close_train_analogue,last_observed_point,0.66,29,212,0.0415845648604269,0.0518867924528301,0.0866015450067174,0.156222154282499,103722.40182206647
0.9,no_close_train_analogue,last_observed_point,0.75,30,216,0.059242867269183,0.0648148148148148,0.1240810992126781,0.2162496519075466,86135.45577282384
0.9,no_close_train_analogue,most_frequent_personal_destination,0.25,30,197,0.2011859040891298,0.2182741116751269,0.1905228216518538,0.2580872524420911,119701.73336037184
0.9,no_close_train_analogue,most_frequent_personal_destination,0.5,31,213,0.2659682005744624,0.244131455399061,0.2619999466062084,0.3284385259480136,116505.10682101706
0.9,no_close_train_analogue,most_frequent_personal_destination,0.66,29,212,0.1990687234221717,0.2028301886792453,0.2307052860932171,0.2764441497200117,124625.8504669452
0.9,no_close_train_analogue,most_frequent_personal_destination,0.75,30,216,0.2110017579599623,0.1759259259259259,0.243709790667995,0.2905574021208696,120695.29964623228
0.9,no_close_train_analogue,nearest_known_destination_to_current_point,0.25,30,197,0.0808258258258258,0.0609137055837563,0.0872822822822822,0.1286908691747401,97776.31882504262
0.9,no_close_train_analogue,nearest_known_destination_to_current_point,0.5,31,213,0.0555615794704978,0.0610328638497652,0.0722553537544049,0.149522604740821,91535.5744108032
0.9,no_close_train_analogue,nearest_known_destination_to_current_point,0.66,29,212,0.0415845648604269,0.0518867924528301,0.0866015450067174,0.156222154282499,103722.40182206647
0.9,no_close_train_analogue,nearest_known_destination_to_current_point,0.75,30,216,0.059242867269183,0.0648148148148148,0.1240810992126781,0.2162496519075466,86135.45577282384
0.9,no_close_train_analogue,probabilistic_grid_pattern_retrieval,0.25,30,197,0.1650741365257494,0.1776649746192893,0.1818557337912176,0.2489868918901177,114006.34447765988
0.9,no_close_train_analogue,probabilistic_grid_pattern_retrieval,0.5,31,213,0.1460029955286122,0.1596244131455399,0.1773882769138936,0.2383868503413095,109282.9654921531
0.9,no_close_train_analogue,probabilistic_grid_pattern_retrieval,0.66,29,212,0.1456293945518083,0.1367924528301886,0.1738450486295313,0.239681750242095,113407.36786703236
0.9,no_close_train_analogue,probabilistic_grid_pattern_retrieval,0.75,30,216,0.1683904204956836,0.125,0.1977073998126629,0.2694581782739677,93541.33158475888
0.9,no_close_train_analogue,tsmini,0.25,30,197,0.1057023989604634,0.1096446700507614,0.1205958407893891,0.1846226605904025,132146.39780007687
0.9,no_close_train_analogue,tsmini,0.5,31,213,0.1532657833416846,0.1408450704225352,0.1712427884154639,0.2474757332062835,129139.40826825528
0.9,no_close_train_analogue,tsmini,0.66,29,212,0.1296225948381121,0.1150943396226415,0.1564425182097595,0.2179378236705823,146444.78715973365
0.9,no_close_train_analogue,tsmini,0.75,30,216,0.1484536720589352,0.1083333333333333,0.1739466975519607,0.2491876534771271,125222.77553945567
0.9,train_analogue_present,bigru,0.25,37,1278,0.4049584841515017,0.4048513302034429,0.444515105212079,0.5596980224416654,1986.4472768132644
0.9,train_analogue_present,bigru,0.5,37,1262,0.4567293343634541,0.4480190174326466,0.5062418024886679,0.62130360292565,1180.158571632012
0.9,train_analogue_present,bigru,0.66,37,1263,0.4847647359959069,0.4806017418844022,0.5410212658104109,0.6636868591094683,1134.7046186700152
0.9,train_analogue_present,bigru,0.75,37,1259,0.4931651238693085,0.4915011914217633,0.5504923753752831,0.6787296096841618,909.6399481820282
0.9,train_analogue_present,current_position_only_personal_retrieval,0.25,37,1278,0.3423320894069259,0.3325508607198748,0.3951308976148041,0.5200663702083415,1576.9659691490474
0.9,train_analogue_present,current_position_only_personal_retrieval,0.5,37,1262,0.369856418589719,0.3613312202852615,0.4267022331711845,0.5633542785890568,1840.596102451211
0.9,train_analogue_present,current_position_only_personal_retrieval,0.66,37,1263,0.4662143652533703,0.447347585114806,0.5249063061546819,0.6597796875450789,882.8894497391917
0.9,train_analogue_present,current_position_only_personal_retrieval,0.75,37,1259,0.4885994585419387,0.4797458300238284,0.5560340239439671,0.686740950047232,600.5727608039886
0.9,train_analogue_present,geometric_retrieval,0.25,37,1278,0.4306606712562153,0.4092331768388106,0.4852794393822699,0.596187159069073,951.8497687654178
0.9,train_analogue_present,geometric_retrieval,0.5,37,1262,0.4393681639806583,0.4286846275752773,0.5006747561663136,0.6437623316110314,785.8588129254083
0.9,train_analogue_present,geometric_retrieval,0.66,37,1263,0.4789309550847457,0.4711005542359461,0.5470116427387478,0.6949269197041227,688.2764715784983
0.9,train_analogue_present,geometric_retrieval,0.75,37,1259,0.5060814816316072,0.4980142970611596,0.5742946522181522,0.7204384541250504,581.0636574851995
0.9,train_analogue_present,last_observed_point,0.25,37,1278,0.0919357417641765,0.1032863849765258,0.1131043279338833,0.313145709095782,3841.778208667333
0.9,train_analogue_present,last_observed_point,0.5,37,1262,0.1419253241781722,0.1568938193343898,0.1656588169725878,0.4185860682265763,2525.4463351121144
0.9,train_analogue_present,last_observed_point,0.66,37,1263,0.2224187647831007,0.234362628661916,0.2704630375558886,0.5384919112490765,1770.990943491178
0.9,train_analogue_present,last_observed_point,0.75,37,1259,0.3022255655368017,0.3050039714058777,0.3685269349075563,0.6248291273722333,1364.5312838106042
0.9,train_analogue_present,most_frequent_personal_destination,0.25,37,1278,0.3580405545582906,0.3622848200312989,0.3888396326842528,0.5026868492942502,2842.9591711264266
0.9,train_analogue_present,most_frequent_personal_destination,0.5,37,1262,0.357295240313925,0.3597464342313787,0.3876018730048343,0.5007349214596033,2537.0953581854283
0.9,train_analogue_present,most_frequent_personal_destination,0.66,37,1263,0.3615596536995216,0.3665874901029295,0.3924428811463086,0.5055928715514201,2230.079943895098
0.9,train_analogue_present,most_frequent_personal_destination,0.75,37,1259,0.3669368567605259,0.3717235901509134,0.3974843831454963,0.5117105449280808,2121.8834441053505
0.9,train_analogue_present,nearest_known_destination_to_current_point,0.25,37,1278,0.0919357417641765,0.1032863849765258,0.1131043279338833,0.313145709095782,3841.778208667333
0.9,train_analogue_present,nearest_known_destination_to_current_point,0.5,37,1262,0.1419253241781722,0.1568938193343898,0.1656588169725878,0.4185860682265763,2525.4463351121144
0.9,train_analogue_present,nearest_known_destination_to_current_point,0.66,37,1263,0.2224187647831007,0.234362628661916,0.2704630375558886,0.5384919112490765,1770.990943491178
0.9,train_analogue_present,nearest_known_destination_to_current_point,0.75,37,1259,0.3022255655368017,0.3050039714058777,0.3685269349075563,0.6248291273722333,1364.5312838106042
0.9,train_analogue_present,probabilistic_grid_pattern_retrieval,0.25,37,1278,0.457076797756728,0.4553990610328638,0.5176441841481025,0.6194623311907368,770.0118819655121
0.9,train_analogue_present,probabilistic_grid_pattern_retrieval,0.5,37,1262,0.4737079864132708,0.4706814580031696,0.530526600394597,0.6583889392462243,618.4990421770435
0.9,train_analogue_present,probabilistic_grid_pattern_retrieval,0.66,37,1263,0.5000611124580804,0.4932699920823436,0.5589642446241591,0.6789152800118862,635.9164204602487
0.9,train_analogue_present,probabilistic_grid_pattern_retrieval,0.75,37,1259,0.5156733287676001,0.5146942017474185,0.5754308804304898,0.7005956674587616,518.6955953548826
0.9,train_analogue_present,tsmini,0.25,37,1278,0.3874718902569791,0.3746478873239436,0.4386154788631538,0.5635004880834539,1792.9405094756485
0.9,train_analogue_present,tsmini,0.5,37,1262,0.4325653744918971,0.424405705229794,0.4885291797700562,0.6253632294016203,1492.437834683345
0.9,train_analogue_present,tsmini,0.66,37,1263,0.4745944341745902,0.4608076009501187,0.53711536062902,0.6754890556727592,1180.5260431164447
0.9,train_analogue_present,tsmini,0.75,37,1259,0.4870731965298542,0.4786338363780777,0.5513213171284027,0.6950571783861538,837.4904773830724
0.95,no_close_train_analogue,bigru,0.25,25,125,0.1299333333333333,0.1456,0.1376666666666667,0.1683047619047619,190096.5117544765
0.95,no_close_train_analogue,bigru,0.5,24,122,0.1635309829059829,0.119672131147541,0.1810844017094017,0.2663728632478632,194026.6209238877
0.95,no_close_train_analogue,bigru,0.66,24,134,0.1467756609332696,0.1373134328358209,0.173580453363062,0.2322485445311532,208932.8902322969
0.95,no_close_train_analogue,bigru,0.75,24,132,0.1670932738758825,0.1727272727272727,0.1827813080639167,0.2634650687476774,202216.76377740604
0.95,no_close_train_analogue,current_position_only_personal_retrieval,0.25,25,125,0.0213333333333333,0.056,0.0213333333333333,0.0426666666666666,143625.2016859001
0.95,no_close_train_analogue,current_position_only_personal_retrieval,0.5,24,122,0.0913995726495726,0.0737704918032786,0.1094551282051282,0.1782051282051282,177862.89053416697
0.95,no_close_train_analogue,current_position_only_personal_retrieval,0.66,24,134,0.1364460569623612,0.1194029850746268,0.179047552688857,0.2378082364495407,175868.6552364484
0.95,no_close_train_analogue,current_position_only_personal_retrieval,0.75,24,132,0.170054812337421,0.1742424242424242,0.2093877740616871,0.3119091415830546,162323.2024719613
0.95,no_close_train_analogue,geometric_retrieval,0.25,25,125,0.1519047619047619,0.128,0.1569047619047619,0.2345714285714285,167746.40320865906
0.95,no_close_train_analogue,geometric_retrieval,0.5,24,122,0.1330662393162393,0.1065573770491803,0.141559829059829,0.2243589743589743,160972.91529722535
0.95,no_close_train_analogue,geometric_retrieval,0.66,24,134,0.105661563677868,0.0820895522388059,0.1192642804055847,0.1782539018952062,154145.11705967717
0.95,no_close_train_analogue,geometric_retrieval,0.75,24,132,0.1041833890746934,0.0984848484848484,0.1105936454849498,0.1693756967670011,185887.59951222
0.95,no_close_train_analogue,last_observed_point,0.25,25,125,0.0559999999999999,0.04,0.0559999999999999,0.0899523809523809,133508.1515409084
0.95,no_close_train_analogue,last_observed_point,0.5,24,122,0.0381944444444444,0.0245901639344262,0.0465277777777777,0.1090277777777777,139567.208806364
0.95,no_close_train_analogue,last_observed_point,0.66,24,134,0.0361912393162393,0.0298507462686567,0.1108440170940171,0.1802884615384615,149127.1160653565
0.95,no_close_train_analogue,last_observed_point,0.75,24,132,0.0476449275362318,0.0378787878787878,0.0802945001858045,0.1425334448160534,158306.55649690525
0.95,no_close_train_analogue,most_frequent_personal_destination,0.25,25,125,0.1469523809523809,0.184,0.1652857142857142,0.1909999999999999,186325.2690468803
0.95,no_close_train_analogue,most_frequent_personal_destination,0.5,24,122,0.1655982905982906,0.1639344262295081,0.1889957264957265,0.2402777777777777,196052.26429482384
0.95,no_close_train_analogue,most_frequent_personal_destination,0.66,24,134,0.1429720541133584,0.1641791044776119,0.171379410645715,0.2087725730388774,199293.13349854609
0.95,no_close_train_analogue,most_frequent_personal_destination,0.75,24,132,0.1471321070234113,0.1818181818181818,0.1664910813823857,0.2279227053140096,215871.82656272632
0.95,no_close_train_analogue,nearest_known_destination_to_current_point,0.25,25,125,0.0559999999999999,0.04,0.0559999999999999,0.0899523809523809,133508.1515409084
0.95,no_close_train_analogue,nearest_known_destination_to_current_point,0.5,24,122,0.0381944444444444,0.0245901639344262,0.0465277777777777,0.1090277777777777,139567.208806364
0.95,no_close_train_analogue,nearest_known_destination_to_current_point,0.66,24,134,0.0361912393162393,0.0298507462686567,0.1108440170940171,0.1802884615384615,149127.1160653565
0.95,no_close_train_analogue,nearest_known_destination_to_current_point,0.75,24,132,0.0476449275362318,0.0378787878787878,0.0802945001858045,0.1425334448160534,158306.55649690525
0.95,no_close_train_analogue,probabilistic_grid_pattern_retrieval,0.25,25,125,0.1635714285714286,0.168,0.1685714285714285,0.2369047619047619,167658.60105643942
0.95,no_close_train_analogue,probabilistic_grid_pattern_retrieval,0.5,24,122,0.159107905982906,0.1229508196721311,0.1791399572649572,0.2399839743589743,161703.9632145405
0.95,no_close_train_analogue,probabilistic_grid_pattern_retrieval,0.66,24,134,0.130661563677868,0.1044776119402985,0.1544138530551574,0.1963094574507617,150863.1707896736
0.95,no_close_train_analogue,probabilistic_grid_pattern_retrieval,0.75,24,132,0.1361278335191378,0.1287878787878787,0.1511492010405054,0.1924098848011891,164586.86526241663
0.95,no_close_train_analogue,tsmini,0.25,25,125,0.0968380952380952,0.0944,0.1045047619047619,0.1731047619047619,201917.70213309227
0.95,no_close_train_analogue,tsmini,0.5,24,122,0.1373557692307692,0.0983606557377049,0.1560096153846153,0.2369391025641025,203189.2291382912
0.95,no_close_train_analogue,tsmini,0.66,24,134,0.1134427257525083,0.091044776119403,0.1298079577427403,0.177413523473306,213728.9785943729
0.95,no_close_train_analogue,tsmini,0.75,24,132,0.1260466369379413,0.1196969696969696,0.1334312523225566,0.2215380899293943,227187.3491514275
0.95,train_analogue_present,bigru,0.25,37,1350,0.3974077452051428,0.3931851851851851,0.4383374858447795,0.5497420171896457,2067.573108168212
0.95,train_analogue_present,bigru,0.5,37,1353,0.4457371974626168,0.4365114560236511,0.4962264489074054,0.6077513704991027,1247.135868127412
0.95,train_analogue_present,bigru,0.66,37,1341,0.4728975805714027,0.4662192393736018,0.5265547310576953,0.6470481166990406,1149.1002505089905
0.95,train_analogue_present,bigru,0.75,37,1343,0.473188276567714,0.4690990320178704,0.530148516289768,0.6557803887060268,1028.0037923241694
0.95,train_analogue_present,current_position_only_personal_retrieval,0.25,37,1350,0.3325902701399011,0.3214814814814815,0.386604835442445,0.5074075291426183,1803.106684350414
0.95,train_analogue_present,current_position_only_personal_retrieval,0.5,37,1353,0.3663981333032306,0.3569844789356984,0.4217654669017321,0.5521833920212768,1925.2641129984468
0.95,train_analogue_present,current_position_only_personal_retrieval,0.66,37,1341,0.4502467737512096,0.436241610738255,0.5048350152234707,0.6402503153324958,987.9532960907578
0.95,train_analogue_present,current_position_only_personal_retrieval,0.75,37,1343,0.462809759772717,0.4579300074460163,0.5318353404539502,0.6605102168611903,701.5402914552963
0.95,train_analogue_present,geometric_retrieval,0.25,37,1350,0.4170437679165337,0.3933333333333333,0.4719210069696823,0.5783437856393661,1216.3437695947528
0.95,train_analogue_present,geometric_retrieval,0.5,37,1353,0.4275011284087243,0.4168514412416851,0.486199145981748,0.6213156152393018,956.0186764579056
0.95,train_analogue_present,geometric_retrieval,0.66,37,1341,0.4591697521789232,0.4504101416853094,0.522728615268142,0.6664682082737428,872.5538466651561
0.95,train_analogue_present,geometric_retrieval,0.75,37,1343,0.4837538664292851,0.4743112434847357,0.5499057501023369,0.6916822767054855,845.1871043264375
0.95,train_analogue_present,last_observed_point,0.25,37,1350,0.0917161292995849,0.1029629629629629,0.1129110722186657,0.3088325144184454,4012.658241770717
0.95,train_analogue_present,last_observed_point,0.5,37,1353,0.1438315550552274,0.1537324464153732,0.1684806794827472,0.4154590736578045,2473.8089026133225
0.95,train_analogue_present,last_observed_point,0.66,37,1341,0.2145138781229226,0.2259507829977628,0.2635383120927529,0.5239529002791661,1872.1164265767136
0.95,train_analogue_present,last_observed_point,0.75,37,1343,0.2897868799186757,0.2926284437825763,0.3572783813430173,0.6064316371396498,1538.421558878271
0.95,train_analogue_present,most_frequent_personal_destination,0.25,37,1350,0.3538799000924919,0.3577777777777777,0.3863742370695875,0.4984451046197257,2858.751860245179
0.95,train_analogue_present,most_frequent_personal_destination,0.5,37,1353,0.3557949010729718,0.3592017738359201,0.3878860398903392,0.4982513858067688,2983.5855544465767
0.95,train_analogue_present,most_frequent_personal_destination,0.66,37,1341,0.357689669606038,0.360924683072334,0.3882992407239503,0.5006199664808181,2923.756312183159
0.95,train_analogue_present,most_frequent_personal_destination,0.75,37,1343,0.3548100005661626,0.358897989575577,0.3869356668138269,0.4994358088670955,2942.9524632743073
0.95,train_analogue_present,nearest_known_destination_to_current_point,0.25,37,1350,0.0917161292995849,0.1029629629629629,0.1129110722186657,0.3088325144184454,4012.658241770717
0.95,train_analogue_present,nearest_known_destination_to_current_point,0.5,37,1353,0.1438315550552274,0.1537324464153732,0.1684806794827472,0.4154590736578045,2473.8089026133225
0.95,train_analogue_present,nearest_known_destination_to_current_point,0.66,37,1341,0.2145138781229226,0.2259507829977628,0.2635383120927529,0.5239529002791661,1872.1164265767136
0.95,train_analogue_present,nearest_known_destination_to_current_point,0.75,37,1343,0.2897868799186757,0.2926284437825763,0.3572783813430173,0.6064316371396498,1538.421558878271
0.95,train_analogue_present,probabilistic_grid_pattern_retrieval,0.25,37,1350,0.4474166518838121,0.4414814814814815,0.5090087569571006,0.6081732686064918,837.5180464019896
0.95,train_analogue_present,probabilistic_grid_pattern_retrieval,0.5,37,1353,0.4545585296260761,0.4530672579453067,0.5115382151257791,0.6349048375433743,784.6896890992289
0.95,train_analogue_present,probabilistic_grid_pattern_retrieval,0.66,37,1341,0.4863794389004524,0.4757643549589858,0.5425189512291183,0.662340546158726,631.1919629171311
0.95,train_analogue_present,probabilistic_grid_pattern_retrieval,0.75,37,1343,0.4934404635363626,0.4899478778853313,0.5528700817694411,0.6769286239335937,598.5591174055975
0.95,train_analogue_present,tsmini,0.25,37,1350,0.3775079810599364,0.3619259259259259,0.4296013692460698,0.5495623744634205,1915.014071858267
0.95,train_analogue_present,tsmini,0.5,37,1353,0.4176077895305977,0.4091648189209164,0.472860470396694,0.6056686901304089,1796.372348655049
0.95,train_analogue_present,tsmini,0.66,37,1341,0.456694847474917,0.4431021625652498,0.5157487791812168,0.6526164448811886,1285.885756819134
0.95,train_analogue_present,tsmini,0.75,37,1343,0.4635987695488067,0.4543559195830231,0.5264586545266734,0.6678714043994642,995.5214825161446
