quantity,bootstrap_mean,ci_low,ci_high,ci_low_first_half,ci_high_first_half
rate|geometric_retrieval|0.25,0.34691480740430036,0.270624273630053,0.4260617355896836,0.2717781090362891,0.42716268280003955
rate|geometric_retrieval|0.50,0.3634011625961402,0.28144145138359006,0.4461829657086136,0.283704393360088,0.44540227354939504
rate|geometric_retrieval|0.66,0.3724680692653887,0.2902550570885718,0.45677986262514425,0.2921579479268833,0.45509995522683344
rate|geometric_retrieval|0.75,0.39086933179057787,0.3032174205579183,0.47962207928600586,0.3064547885554494,0.47870716370799055
primary_mean_rate|geometric_retrieval,0.36841334276410187,0.28825109120336906,0.4504475693922258,0.2901970629213354,0.44983869809628535
change75_25|geometric_retrieval,0.043954524386277526,0.0073847338525623194,0.0811677966637667,0.0076335525610301885,0.08143247434621892
rate|probabilistic_grid_pattern_retrieval|0.25,0.39809148017313056,0.3191492649323304,0.47829580431948066,0.3207881380696931,0.47960724851978326
rate|probabilistic_grid_pattern_retrieval|0.50,0.4022929627928739,0.32036572876616365,0.48512561757141337,0.32106894968312827,0.48496400548824553
rate|probabilistic_grid_pattern_retrieval|0.66,0.4154550858737766,0.33298742641697676,0.4987850490989155,0.3345304750233508,0.49952686599683
rate|probabilistic_grid_pattern_retrieval|0.75,0.42059645142699353,0.33496693531897326,0.5056704103701328,0.3359398488705696,0.5043545538249893
primary_mean_rate|probabilistic_grid_pattern_retrieval,0.4091089950666937,0.32810429074018355,0.49021384220906916,0.3300148024809902,0.4904274972004281
change75_25|probabilistic_grid_pattern_retrieval,0.022504971253863054,-0.013495449615213966,0.055730713194242845,-0.013099761623505771,0.0554163510533613
rate|tsmini|0.25,0.3365916718956744,0.2629887932769492,0.41037285413466573,0.2642601496838262,0.41103277887971035
rate|tsmini|0.50,0.35260258129191197,0.27403295188837673,0.43281746410586097,0.2749486602912528,0.43281746410586097
rate|tsmini|0.66,0.3687216518683296,0.28755640826798917,0.4500971366553575,0.28938814306024396,0.4504732995409717
rate|tsmini|0.75,0.38163621604027786,0.30067879930733943,0.4627726639993638,0.3015304326061328,0.46278452145081767
primary_mean_rate|tsmini,0.3598880302740485,0.2821778123772904,0.43823878474900135,0.28327672012387234,0.4391754081772183
change75_25|tsmini,0.04504454414460338,0.021470745386042597,0.07029714191796153,0.02152756556554471,0.07021156661382565
rate|recurrent|0.25,0.37299995213279497,0.29716298561921173,0.44783619775658234,0.2985120971014347,0.4474849481847307
rate|recurrent|0.50,0.3967458479115082,0.3178688306229076,0.47578846214249,0.3205617147348636,0.47506486554776556
rate|recurrent|0.66,0.40130173327787594,0.32343097139238064,0.4797184943761563,0.3263779574765816,0.47894559120327046
rate|recurrent|0.75,0.410323302248126,0.3313852124094376,0.48885917407744944,0.3336374562410338,0.48887646127249756
primary_mean_rate|recurrent,0.3953427088925762,0.3182799810521758,0.4720976360107773,0.3204963064834453,0.4718049037241343
change75_25|recurrent,0.03732335011533113,0.016081236189804376,0.05971467931498412,0.016949601300966555,0.05941289250609681
rate|most_frequent_personal_destination|0.25,0.3381120645862249,0.2787460961992211,0.39833357793391017,0.27923857900501814,0.3972778947466713
rate|most_frequent_personal_destination|0.50,0.3381120645862249,0.2787460961992211,0.39833357793391017,0.27923857900501814,0.3972778947466713
rate|most_frequent_personal_destination|0.66,0.3381120645862249,0.2787460961992211,0.39833357793391017,0.27923857900501814,0.3972778947466713
rate|most_frequent_personal_destination|0.75,0.3381120645862249,0.2787460961992211,0.39833357793391017,0.27923857900501814,0.3972778947466713
primary_mean_rate|most_frequent_personal_destination,0.3381120645862249,0.2787460961992211,0.39833357793391017,0.27923857900501814,0.3972778947466713
change75_25|most_frequent_personal_destination,0.0,0.0,0.0,0.0,0.0
rate|nearest_known_destination_to_current_point|0.25,0.05782910356287787,0.03236701200937828,0.08746266492443626,0.03198866964202369,0.08654641841270361
rate|nearest_known_destination_to_current_point|0.50,0.11663184673296886,0.06222528591770954,0.1843268246437752,0.06142935470903443,0.1827755233835462
rate|nearest_known_destination_to_current_point|0.66,0.18168950518848917,0.10942382680978957,0.267373207130543,0.10859856745505965,0.2669221753274185
rate|nearest_known_destination_to_current_point|0.75,0.21528798911477035,0.13636080651638102,0.3056340077396823,0.1361288928310231,0.3051937227406321
primary_mean_rate|nearest_known_destination_to_current_point,0.14285961114977655,0.08939675658827774,0.20628194417873782,0.08892411029255108,0.20463828560106165
change75_25|nearest_known_destination_to_current_point,0.15745888555189244,0.09050443731239248,0.2328582840769286,0.0892827690151915,0.23297656121980428
rate|last_observed_point|0.25,0.05782910356287787,0.03236701200937828,0.08746266492443626,0.03198866964202369,0.08654641841270361
rate|last_observed_point|0.50,0.11663184673296886,0.06222528591770954,0.1843268246437752,0.06142935470903443,0.1827755233835462
rate|last_observed_point|0.66,0.18168950518848917,0.10942382680978957,0.267373207130543,0.10859856745505965,0.2669221753274185
rate|last_observed_point|0.75,0.21528798911477035,0.13636080651638102,0.3056340077396823,0.1361288928310231,0.3051937227406321
primary_mean_rate|last_observed_point,0.14285961114977655,0.08939675658827774,0.20628194417873782,0.08892411029255108,0.20463828560106165
change75_25|last_observed_point,0.15745888555189244,0.09050443731239248,0.2328582840769286,0.0892827690151915,0.23297656121980428
rate|current_position_only_personal_retrieval|0.25,0.30625763547726603,0.23111377244440667,0.38516902846556744,0.2324617503123526,0.38471890306432355
rate|current_position_only_personal_retrieval|0.50,0.3000888063101891,0.23775370357121556,0.3660760572788189,0.23834348380966236,0.3661301329151243
rate|current_position_only_personal_retrieval|0.66,0.3485109311430251,0.27354468274856836,0.4288049541290715,0.2751442559166667,0.43037978977377667
rate|current_position_only_personal_retrieval|0.75,0.392310918685088,0.3096291639432908,0.4770809749318592,0.3118122632264931,0.47689071876911066
primary_mean_rate|current_position_only_personal_retrieval,0.33679207290389207,0.26831157994988086,0.4091830797434225,0.26921459783112417,0.4095481297650923
change75_25|current_position_only_personal_retrieval,0.08605328320782203,0.04265488737526433,0.13224306814419073,0.043261175811191654,0.13247253400699177
difference|geometric_retrieval|probabilistic_grid_pattern_retrieval|0.25,-0.05117667276883018,-0.08701913206739341,-0.019743819920355808,-0.08730312575586127,-0.01952887443946841
difference|geometric_retrieval|probabilistic_grid_pattern_retrieval|0.50,-0.038891800196733724,-0.0725756047571322,-0.0064852318457431805,-0.0728264909796204,-0.006308367316579359
difference|geometric_retrieval|probabilistic_grid_pattern_retrieval|0.66,-0.0429870166083879,-0.07688518479317438,-0.012548262373021334,-0.0770710293252334,-0.01192935996602432
difference|geometric_retrieval|probabilistic_grid_pattern_retrieval|0.75,-0.029727119636415705,-0.06380490862249176,0.000259258110366557,-0.06347418618183749,0.00028099341614518846
primary_mean_difference|geometric_retrieval|probabilistic_grid_pattern_retrieval,-0.040695652302591874,-0.06981512608364371,-0.015434952560250726,-0.06949078388588795,-0.015362315626402964
interaction75_25|geometric_retrieval|probabilistic_grid_pattern_retrieval,0.021449553132414475,-0.014348969127212514,0.056662576420935466,-0.014345180236922469,0.05595173266619907
difference|geometric_retrieval|tsmini|0.25,0.010323135508625902,-0.02180163044176046,0.04393252004011332,-0.021596488745304784,0.04409306099558698
difference|geometric_retrieval|tsmini|0.50,0.01079858130422824,-0.019576004676320237,0.04189079469685048,-0.019913734137926156,0.04223143123744484
difference|geometric_retrieval|tsmini|0.66,0.003746417397059105,-0.029837780449361927,0.03715256151876906,-0.029939682784306507,0.03688589572039122
difference|geometric_retrieval|tsmini|0.75,0.009233115750300055,-0.021549136406123288,0.03886273022679981,-0.0211506797489435,0.038959520390211534
primary_mean_difference|geometric_retrieval|tsmini,0.008525312490053324,-0.016020176401475426,0.03192968893083629,-0.015983085161899797,0.03181225806959383
interaction75_25|geometric_retrieval|tsmini,-0.0010900197583258464,-0.04513019420489715,0.03898293074961486,-0.04421814086441513,0.03896731400561103
difference|geometric_retrieval|recurrent|0.25,-0.02608514472849458,-0.0639814436382247,0.008740630906765783,-0.06378819140541077,0.00861277997074022
difference|geometric_retrieval|recurrent|0.50,-0.033344685315367995,-0.06828229883726405,-0.0017129851655868816,-0.06789428063469694,-0.002335490715930548
difference|geometric_retrieval|recurrent|0.66,-0.02883366401248717,-0.06725776862235756,0.008024009046876758,-0.06662880009127375,0.007440083906547634
difference|geometric_retrieval|recurrent|0.75,-0.019453970457548188,-0.057012912446669534,0.01744049258869417,-0.05617012956540687,0.017604367001516436
primary_mean_difference|geometric_retrieval|recurrent,-0.02692936612847448,-0.05906450425562569,0.002297954568483207,-0.05852725984115929,0.002174610263616482
interaction75_25|geometric_retrieval|recurrent,0.006631174270946387,-0.03518975665306562,0.04791192062124794,-0.03430639755539795,0.04762201814085221
difference|geometric_retrieval|most_frequent_personal_destination|0.25,0.008802742818075453,-0.05410958284593275,0.0721602853612659,-0.054332804528178055,0.06980522445622411
difference|geometric_retrieval|most_frequent_personal_destination|0.50,0.025289098009915297,-0.04759361903844054,0.09401680642687495,-0.04579652797913486,0.0925559520526182
difference|geometric_retrieval|most_frequent_personal_destination|0.66,0.03435600467916385,-0.03713837708050188,0.1016469199813181,-0.03649191478603249,0.09996512614910927
difference|geometric_retrieval|most_frequent_personal_destination|0.75,0.05275726720435298,-0.02077863990917506,0.1228481061829559,-0.018325684970390478,0.12048913290285727
primary_mean_difference|geometric_retrieval|most_frequent_personal_destination,0.030301278177876895,-0.03753981960235347,0.095195486589617,-0.037131241629624556,0.0944689762633785
interaction75_25|geometric_retrieval|most_frequent_personal_destination,0.043954524386277526,0.0073847338525623194,0.0811677966637667,0.0076335525610301885,0.08143247434621892
difference|geometric_retrieval|nearest_known_destination_to_current_point|0.25,0.2890857038414225,0.21346659978795834,0.3659288772452581,0.21428499761486874,0.367228024381434
difference|geometric_retrieval|nearest_known_destination_to_current_point|0.50,0.24676931586317136,0.17423364097579808,0.3196221733063191,0.1778747683097786,0.31963269240708253
difference|geometric_retrieval|nearest_known_destination_to_current_point|0.66,0.1907785640768996,0.11910858754451333,0.2629921325217709,0.12034311247163978,0.2629435173144028
difference|geometric_retrieval|nearest_known_destination_to_current_point|0.75,0.17558134267580758,0.1056413140301459,0.24505222998398138,0.10777768408388164,0.24491635837256165
primary_mean_difference|geometric_retrieval|nearest_known_destination_to_current_point,0.22555373161432526,0.16073389815136055,0.2904870219222574,0.1624427918099967,0.2904870219222574
interaction75_25|geometric_retrieval|nearest_known_destination_to_current_point,-0.11350436116561494,-0.18632273568191768,-0.0477626053281892,-0.18725252942319498,-0.04698968837188521
difference|geometric_retrieval|last_observed_point|0.25,0.2890857038414225,0.21346659978795834,0.3659288772452581,0.21428499761486874,0.367228024381434
difference|geometric_retrieval|last_observed_point|0.50,0.24676931586317136,0.17423364097579808,0.3196221733063191,0.1778747683097786,0.31963269240708253
difference|geometric_retrieval|last_observed_point|0.66,0.1907785640768996,0.11910858754451333,0.2629921325217709,0.12034311247163978,0.2629435173144028
difference|geometric_retrieval|last_observed_point|0.75,0.17558134267580758,0.1056413140301459,0.24505222998398138,0.10777768408388164,0.24491635837256165
primary_mean_difference|geometric_retrieval|last_observed_point,0.22555373161432526,0.16073389815136055,0.2904870219222574,0.1624427918099967,0.2904870219222574
interaction75_25|geometric_retrieval|last_observed_point,-0.11350436116561494,-0.18632273568191768,-0.0477626053281892,-0.18725252942319498,-0.04698968837188521
difference|geometric_retrieval|current_position_only_personal_retrieval|0.25,0.040657171927034386,0.0029054431273181696,0.08042108212735433,0.0033067531732599953,0.08138849630179318
difference|geometric_retrieval|current_position_only_personal_retrieval|0.50,0.06331235628595114,0.02292162204295304,0.10596012268395655,0.02292162204295304,0.10585205733627151
difference|geometric_retrieval|current_position_only_personal_retrieval|0.66,0.023957138122363605,-0.0251321111415306,0.0786466126100416,-0.024813653643533436,0.07929417797648151
difference|geometric_retrieval|current_position_only_personal_retrieval|0.75,-0.0014415868945101124,-0.0421804292454313,0.03801692117278558,-0.041687425591549955,0.03801709185190235
primary_mean_difference|geometric_retrieval|current_position_only_personal_retrieval,0.03162126986020975,0.003052920468903181,0.06122352617898023,0.0027731858974677503,0.06138571216218176
interaction75_25|geometric_retrieval|current_position_only_personal_retrieval,-0.0420987588215445,-0.0965868657791669,0.007019510040630472,-0.09624550234033839,0.006423572870837313
difference|probabilistic_grid_pattern_retrieval|tsmini|0.25,0.061499808277456075,0.0282295907613845,0.09844859500709793,0.027869796385530162,0.0979879869802741
difference|probabilistic_grid_pattern_retrieval|tsmini|0.50,0.04969038150096195,0.024644990231662535,0.07618490616675086,0.024909328634872423,0.07583509410792168
difference|probabilistic_grid_pattern_retrieval|tsmini|0.66,0.046733434005447,0.021583387309967735,0.07225658201822388,0.021777481994786005,0.07225595486146022
difference|probabilistic_grid_pattern_retrieval|tsmini|0.75,0.03896023538671576,0.010428893456567322,0.06937809812221965,0.010296760490648166,0.06948710005537728
primary_mean_difference|probabilistic_grid_pattern_retrieval|tsmini,0.0492209647926452,0.028884371466956594,0.07149344835370414,0.0286363159117068,0.0718373668330376
interaction75_25|probabilistic_grid_pattern_retrieval|tsmini,-0.022539572890740323,-0.06623972656299065,0.017444735244044177,-0.06560764120624862,0.01770449397907512
difference|probabilistic_grid_pattern_retrieval|recurrent|0.25,0.0250915280403356,-0.0029544727834334115,0.05546663136467717,-0.0033286048766469982,0.055780986159301695
difference|probabilistic_grid_pattern_retrieval|recurrent|0.50,0.005547114881365724,-0.020824647078794684,0.0345504112000944,-0.020657175601215418,0.03425696123676291
difference|probabilistic_grid_pattern_retrieval|recurrent|0.66,0.01415335259590073,-0.01132937525207789,0.042792368531230945,-0.01116312382237018,0.042841181462805356
difference|probabilistic_grid_pattern_retrieval|recurrent|0.75,0.010273149178867515,-0.01809590976902306,0.040902812579834476,-0.01809607012048449,0.04119952726006953
primary_mean_difference|probabilistic_grid_pattern_retrieval|recurrent,0.013766286174117391,-0.0083460431758709,0.03859693500272742,-0.008505865154968826,0.0385036283463525
interaction75_25|probabilistic_grid_pattern_retrieval|recurrent,-0.014818378861468084,-0.04913486726030007,0.01911520520119567,-0.049210617979313226,0.018735576199904066
difference|probabilistic_grid_pattern_retrieval|most_frequent_personal_destination|0.25,0.059979415586905636,0.0032600036683156854,0.11903025788817953,0.0024318491698901603,0.11851785819148199
difference|probabilistic_grid_pattern_retrieval|most_frequent_personal_destination|0.50,0.064180898206649,-0.0008752889182443253,0.12782958772116987,-0.0011444309834786623,0.12625210151685598
difference|probabilistic_grid_pattern_retrieval|most_frequent_personal_destination|0.66,0.07734302128755174,0.012494484407170523,0.14070554180348785,0.013075027443431576,0.13910804711584404
difference|probabilistic_grid_pattern_retrieval|most_frequent_personal_destination|0.75,0.08248438684076868,0.014742536934579938,0.14994145070885279,0.014821013108950596,0.14689208303581314
primary_mean_difference|probabilistic_grid_pattern_retrieval|most_frequent_personal_destination,0.07099693048046876,0.009929566346678029,0.13274988245772082,0.009929566346678029,0.13047509366688723
interaction75_25|probabilistic_grid_pattern_retrieval|most_frequent_personal_destination,0.022504971253863054,-0.013495449615213966,0.055730713194242845,-0.013099761623505771,0.0554163510533613
difference|probabilistic_grid_pattern_retrieval|nearest_known_destination_to_current_point|0.25,0.34026237661025266,0.26538495552969305,0.4166414430074545,0.2665256063765011,0.417785375106222
difference|probabilistic_grid_pattern_retrieval|nearest_known_destination_to_current_point|0.50,0.2856611160599051,0.2123308244818136,0.35919938012228547,0.2143618949036947,0.35912353763246574
difference|probabilistic_grid_pattern_retrieval|nearest_known_destination_to_current_point|0.66,0.23376558068528747,0.15660237187752013,0.3105375853137259,0.1581815421108246,0.3112239643810834
difference|probabilistic_grid_pattern_retrieval|nearest_known_destination_to_current_point|0.75,0.20530846231222327,0.13333313420602344,0.27895578734010607,0.13591323350527504,0.2794316255413688
primary_mean_difference|probabilistic_grid_pattern_retrieval|nearest_known_destination_to_current_point,0.2662493839169171,0.19933664068348503,0.3344470599593456,0.20070011818552455,0.3353092845385015
interaction75_25|probabilistic_grid_pattern_retrieval|nearest_known_destination_to_current_point,-0.13495391429802941,-0.20993182572117583,-0.0672133495264989,-0.20991871929648506,-0.06661750310407946
difference|probabilistic_grid_pattern_retrieval|last_observed_point|0.25,0.34026237661025266,0.26538495552969305,0.4166414430074545,0.2665256063765011,0.417785375106222
difference|probabilistic_grid_pattern_retrieval|last_observed_point|0.50,0.2856611160599051,0.2123308244818136,0.35919938012228547,0.2143618949036947,0.35912353763246574
difference|probabilistic_grid_pattern_retrieval|last_observed_point|0.66,0.23376558068528747,0.15660237187752013,0.3105375853137259,0.1581815421108246,0.3112239643810834
difference|probabilistic_grid_pattern_retrieval|last_observed_point|0.75,0.20530846231222327,0.13333313420602344,0.27895578734010607,0.13591323350527504,0.2794316255413688
primary_mean_difference|probabilistic_grid_pattern_retrieval|last_observed_point,0.2662493839169171,0.19933664068348503,0.3344470599593456,0.20070011818552455,0.3353092845385015
interaction75_25|probabilistic_grid_pattern_retrieval|last_observed_point,-0.13495391429802941,-0.20993182572117583,-0.0672133495264989,-0.20991871929648506,-0.06661750310407946
difference|probabilistic_grid_pattern_retrieval|current_position_only_personal_retrieval|0.25,0.09183384469586456,0.05172809180581222,0.1332813219054538,0.052003902644890986,0.1340241068883096
difference|probabilistic_grid_pattern_retrieval|current_position_only_personal_retrieval|0.50,0.10220415648268485,0.05617599613787093,0.15070115073551024,0.05657705418560767,0.15089000278083373
difference|probabilistic_grid_pattern_retrieval|current_position_only_personal_retrieval|0.66,0.0669441547307515,0.022795622561405597,0.11516302803905286,0.022753459491136423,0.11646499951047251
difference|probabilistic_grid_pattern_retrieval|current_position_only_personal_retrieval|0.75,0.02828553274190559,-0.012848953013576556,0.06943060207315399,-0.012077834400135162,0.06980165737681304
primary_mean_difference|probabilistic_grid_pattern_retrieval|current_position_only_personal_retrieval,0.07231692216280163,0.042487044921959156,0.1036880120298471,0.042823543107986604,0.10354006573708424
interaction75_25|probabilistic_grid_pattern_retrieval|current_position_only_personal_retrieval,-0.06354831195395898,-0.11806814740329549,-0.01065711621281251,-0.11794702636039206,-0.011077361535219593
difference|tsmini|recurrent|0.25,-0.036408280237120484,-0.06810735341062842,-0.0050214733338045745,-0.06765695132658862,-0.005165513204839981
difference|tsmini|recurrent|0.50,-0.04414326661959623,-0.076283171513125,-0.011881731992827257,-0.07533632643454267,-0.012456033040363265
difference|tsmini|recurrent|0.66,-0.032580081409546276,-0.06267862613292512,-0.001369524462006871,-0.062112461825940726,-0.0012072834527808497
difference|tsmini|recurrent|0.75,-0.028687086207848246,-0.05736778792930977,0.001478191540164259,-0.05739794199442609,0.001551501740023169
primary_mean_difference|tsmini|recurrent,-0.03545467861852781,-0.06231473591547022,-0.008017898727622267,-0.061649076509887074,-0.008176894943296676
interaction75_25|tsmini|recurrent,0.007721194029272235,-0.02190770065537653,0.0374108615900763,-0.02196893104776997,0.03727605600810489
difference|tsmini|most_frequent_personal_destination|0.25,-0.0015203926905504514,-0.06106900143102456,0.05782209482987657,-0.05964307477571129,0.05659827732642401
difference|tsmini|most_frequent_personal_destination|0.50,0.014490516705687054,-0.04978422011472184,0.07875206074204942,-0.04947941319715776,0.07655882116416594
difference|tsmini|most_frequent_personal_destination|0.66,0.030609587282104753,-0.03324138597546746,0.09520937009906345,-0.032585179905977334,0.09385347975849324
difference|tsmini|most_frequent_personal_destination|0.75,0.043524151454052924,-0.019229529694841062,0.10776996000801782,-0.018507449025856885,0.1059234063521978
primary_mean_difference|tsmini|most_frequent_personal_destination,0.02177596568782357,-0.039888333402139695,0.08329470137775358,-0.038512009722497395,0.08189227801446848
interaction75_25|tsmini|most_frequent_personal_destination,0.04504454414460338,0.021470745386042597,0.07029714191796153,0.02152756556554471,0.07021156661382565
difference|tsmini|nearest_known_destination_to_current_point|0.25,0.27876256833279656,0.20605207073618653,0.35084064068179716,0.20760158767830972,0.3515350459651283
difference|tsmini|nearest_known_destination_to_current_point|0.50,0.2359707345589431,0.16478124673653594,0.3087500752882148,0.1668445001688705,0.30875398557315337
difference|tsmini|nearest_known_destination_to_current_point|0.66,0.1870321466798405,0.11265844465533016,0.26163290261282973,0.11404136140670296,0.2621427565660886
difference|tsmini|nearest_known_destination_to_current_point|0.75,0.1663482269255075,0.09728872189098753,0.23801288009088178,0.09953769442682156,0.239126553522237
primary_mean_difference|tsmini|nearest_known_destination_to_current_point,0.21702841912427193,0.15208181588706973,0.28317190523238606,0.15287902234005604,0.28340384403790714
interaction75_25|tsmini|nearest_known_destination_to_current_point,-0.11241434140728909,-0.18128745311369485,-0.050546756609426764,-0.18126723067622116,-0.05042813300196154
difference|tsmini|last_observed_point|0.25,0.27876256833279656,0.20605207073618653,0.35084064068179716,0.20760158767830972,0.3515350459651283
difference|tsmini|last_observed_point|0.50,0.2359707345589431,0.16478124673653594,0.3087500752882148,0.1668445001688705,0.30875398557315337
difference|tsmini|last_observed_point|0.66,0.1870321466798405,0.11265844465533016,0.26163290261282973,0.11404136140670296,0.2621427565660886
difference|tsmini|last_observed_point|0.75,0.1663482269255075,0.09728872189098753,0.23801288009088178,0.09953769442682156,0.239126553522237
primary_mean_difference|tsmini|last_observed_point,0.21702841912427193,0.15208181588706973,0.28317190523238606,0.15287902234005604,0.28340384403790714
interaction75_25|tsmini|last_observed_point,-0.11241434140728909,-0.18128745311369485,-0.050546756609426764,-0.18126723067622116,-0.05042813300196154
difference|tsmini|current_position_only_personal_retrieval|0.25,0.030334036418408476,-0.004145875177736482,0.06405594968537826,-0.0037257821745014007,0.06488817933995467
difference|tsmini|current_position_only_personal_retrieval|0.50,0.0525137749817229,0.011631627042371192,0.09524907823905163,0.012047300244629619,0.09580823082124608
difference|tsmini|current_position_only_personal_retrieval|0.66,0.0202107207253045,-0.017197056966847833,0.06230186598844965,-0.017870488793908946,0.06254031687528797
difference|tsmini|current_position_only_personal_retrieval|0.75,-0.010674702644810168,-0.04421579986783667,0.022066542077013862,-0.043456152269272366,0.021970829807946644
primary_mean_difference|tsmini|current_position_only_personal_retrieval,0.023095957370156427,-0.0020045907177756875,0.048355019047702154,-0.0020479171695775844,0.04832821737182992
interaction75_25|tsmini|current_position_only_personal_retrieval,-0.04100873906321865,-0.08607465452719096,0.0026607062051144993,-0.08529826339343614,0.0026478680289216015
difference|recurrent|most_frequent_personal_destination|0.25,0.034887887546570025,-0.02132238461281048,0.09040849881075572,-0.021822607007531816,0.0875995062587727
difference|recurrent|most_frequent_personal_destination|0.50,0.05863378332528329,-0.0009820502362771827,0.11862145058798004,-0.0005906591793031576,0.11705682097247565
difference|recurrent|most_frequent_personal_destination|0.66,0.06318966869165102,0.005584178790431562,0.12132278418168699,0.00542981452935991,0.1193131403787623
difference|recurrent|most_frequent_personal_destination|0.75,0.07221123766190117,0.014809510217017697,0.13099325040507853,0.014638879788469401,0.1285961900716997
primary_mean_difference|recurrent|most_frequent_personal_destination,0.05723064430635137,0.0002651757826830651,0.11475404880853154,0.000481275906873168,0.11258294951984732
interaction75_25|recurrent|most_frequent_personal_destination,0.03732335011533113,0.016081236189804376,0.05971467931498412,0.016949601300966555,0.05941289250609681
difference|recurrent|nearest_known_destination_to_current_point|0.25,0.3151708485699171,0.24467667074478958,0.3859359916979632,0.24612674554469177,0.38567324604570896
difference|recurrent|nearest_known_destination_to_current_point|0.50,0.2801140011785393,0.21070535639985763,0.3487987179158052,0.21284194446232094,0.3486404658154613
difference|recurrent|nearest_known_destination_to_current_point|0.66,0.21961222808938674,0.14711667258607297,0.292099739023416,0.1492300378830236,0.2920903303865981
difference|recurrent|nearest_known_destination_to_current_point|0.75,0.19503531313335576,0.12677886100117355,0.265697789454402,0.12775009412605196,0.2662120672389752
primary_mean_difference|recurrent|nearest_known_destination_to_current_point,0.25248309774279976,0.19078559058668454,0.3161467480692464,0.19230558388286648,0.3172736284373025
interaction75_25|recurrent|nearest_known_destination_to_current_point,-0.12013553543656133,-0.19481882411675383,-0.05232938991632582,-0.19386850883912154,-0.04978861645335285
difference|recurrent|last_observed_point|0.25,0.3151708485699171,0.24467667074478958,0.3859359916979632,0.24612674554469177,0.38567324604570896
difference|recurrent|last_observed_point|0.50,0.2801140011785393,0.21070535639985763,0.3487987179158052,0.21284194446232094,0.3486404658154613
difference|recurrent|last_observed_point|0.66,0.21961222808938674,0.14711667258607297,0.292099739023416,0.1492300378830236,0.2920903303865981
difference|recurrent|last_observed_point|0.75,0.19503531313335576,0.12677886100117355,0.265697789454402,0.12775009412605196,0.2662120672389752
primary_mean_difference|recurrent|last_observed_point,0.25248309774279976,0.19078559058668454,0.3161467480692464,0.19230558388286648,0.3172736284373025
interaction75_25|recurrent|last_observed_point,-0.12013553543656133,-0.19481882411675383,-0.05232938991632582,-0.19386850883912154,-0.04978861645335285
difference|recurrent|current_position_only_personal_retrieval|0.25,0.06674231665552895,0.024314426819043753,0.1083842981794782,0.02510278145503903,0.10854648597188585
difference|recurrent|current_position_only_personal_retrieval|0.50,0.09665704160131913,0.05404745697914652,0.14309819631484097,0.05433008510078341,0.14245813273792157
difference|recurrent|current_position_only_personal_retrieval|0.66,0.052790802134850774,0.009616722669481307,0.09703383024146617,0.010330242136270911,0.0969922019437454
difference|recurrent|current_position_only_personal_retrieval|0.75,0.01801238356303808,-0.02022885769809476,0.056168209030872274,-0.019345134455950094,0.0559546465290104
primary_mean_difference|recurrent|current_position_only_personal_retrieval,0.058550635988684235,0.02697274035740394,0.0899203348734291,0.026758338239141984,0.08963230428615813
interaction75_25|recurrent|current_position_only_personal_retrieval,-0.04872993309249088,-0.09476116544987465,-0.004750930146120883,-0.09501458932661033,-0.0039304569114087876
difference|most_frequent_personal_destination|nearest_known_destination_to_current_point|0.25,0.28028296102334704,0.2206280589991491,0.3411277282470526,0.22102111255242687,0.3418561899507922
difference|most_frequent_personal_destination|nearest_known_destination_to_current_point|0.50,0.22148021785325606,0.1434471464314519,0.29422466764319855,0.1444576531022455,0.29457506799932565
difference|most_frequent_personal_destination|nearest_known_destination_to_current_point|0.66,0.15642255939773575,0.06903791514976944,0.2372983275384318,0.07110839602006883,0.23863207302504685
difference|most_frequent_personal_destination|nearest_known_destination_to_current_point|0.75,0.12282407547145457,0.03710524905956352,0.20224841019227777,0.03910864792044517,0.202829845728241
primary_mean_difference|most_frequent_personal_destination|nearest_known_destination_to_current_point,0.19525245343644834,0.12373949997968317,0.26244511664898357,0.12504579411339478,0.2624828340162224
interaction75_25|most_frequent_personal_destination|nearest_known_destination_to_current_point,-0.15745888555189244,-0.2328582840769286,-0.0905044373123925,-0.23297656121980437,-0.08928276901519153
difference|most_frequent_personal_destination|last_observed_point|0.25,0.28028296102334704,0.2206280589991491,0.3411277282470526,0.22102111255242687,0.3418561899507922
difference|most_frequent_personal_destination|last_observed_point|0.50,0.22148021785325606,0.1434471464314519,0.29422466764319855,0.1444576531022455,0.29457506799932565
difference|most_frequent_personal_destination|last_observed_point|0.66,0.15642255939773575,0.06903791514976944,0.2372983275384318,0.07110839602006883,0.23863207302504685
difference|most_frequent_personal_destination|last_observed_point|0.75,0.12282407547145457,0.03710524905956352,0.20224841019227777,0.03910864792044517,0.202829845728241
primary_mean_difference|most_frequent_personal_destination|last_observed_point,0.19525245343644834,0.12373949997968317,0.26244511664898357,0.12504579411339478,0.2624828340162224
interaction75_25|most_frequent_personal_destination|last_observed_point,-0.15745888555189244,-0.2328582840769286,-0.0905044373123925,-0.23297656121980437,-0.08928276901519153
difference|most_frequent_personal_destination|current_position_only_personal_retrieval|0.25,0.03185442910895893,-0.03458249404728791,0.09697008383407053,-0.03245264825055474,0.09697008383407053
difference|most_frequent_personal_destination|current_position_only_personal_retrieval|0.50,0.038023258276035844,-0.021800053752843315,0.09723563202557256,-0.02130769927103654,0.0973061118573201
difference|most_frequent_personal_destination|current_position_only_personal_retrieval|0.66,-0.01039886655680025,-0.08100545223564043,0.05681325338924222,-0.07879737763742134,0.05700628971314131
difference|most_frequent_personal_destination|current_position_only_personal_retrieval|0.75,-0.05419885409886309,-0.12090091226490911,0.01191543691133512,-0.11954245461254673,0.012191214259617299
primary_mean_difference|most_frequent_personal_destination|current_position_only_personal_retrieval,0.0013199916823328581,-0.05848900575614019,0.05959219909275298,-0.0577378705588581,0.059463074664361
interaction75_25|most_frequent_personal_destination|current_position_only_personal_retrieval,-0.08605328320782203,-0.13224306814419076,-0.04265488737526433,-0.13247253400699177,-0.043261175811191696
difference|nearest_known_destination_to_current_point|last_observed_point|0.25,0.0,0.0,0.0,0.0,0.0
difference|nearest_known_destination_to_current_point|last_observed_point|0.50,0.0,0.0,0.0,0.0,0.0
difference|nearest_known_destination_to_current_point|last_observed_point|0.66,0.0,0.0,0.0,0.0,0.0
difference|nearest_known_destination_to_current_point|last_observed_point|0.75,0.0,0.0,0.0,0.0,0.0
primary_mean_difference|nearest_known_destination_to_current_point|last_observed_point,0.0,0.0,0.0,0.0,0.0
interaction75_25|nearest_known_destination_to_current_point|last_observed_point,0.0,0.0,0.0,0.0,0.0
difference|nearest_known_destination_to_current_point|current_position_only_personal_retrieval|0.25,-0.24842853191438813,-0.3263634451793951,-0.1732517341665949,-0.3265063041022782,-0.1741423870236641
difference|nearest_known_destination_to_current_point|current_position_only_personal_retrieval|0.50,-0.18345695957722022,-0.24558913047134243,-0.12236487473774355,-0.2449296847469191,-0.12381389138826905
difference|nearest_known_destination_to_current_point|current_position_only_personal_retrieval|0.66,-0.16682142595453597,-0.2417143457353118,-0.0950053991048635,-0.2427992727377711,-0.09700096617716183
difference|nearest_known_destination_to_current_point|current_position_only_personal_retrieval|0.75,-0.17702292957031768,-0.2505637529439839,-0.10612649730805018,-0.2506700374815026,-0.10932596442532751
primary_mean_difference|nearest_known_destination_to_current_point|current_position_only_personal_retrieval,-0.1939324617541155,-0.2539704395867387,-0.13712583583498128,-0.2545684336892603,-0.13873574629330557
interaction75_25|nearest_known_destination_to_current_point|current_position_only_personal_retrieval,0.07140560234407044,-0.005362300010348211,0.1558341902197341,-0.006547254459198635,0.15454412359452868
difference|last_observed_point|current_position_only_personal_retrieval|0.25,-0.24842853191438813,-0.3263634451793951,-0.1732517341665949,-0.3265063041022782,-0.1741423870236641
difference|last_observed_point|current_position_only_personal_retrieval|0.50,-0.18345695957722022,-0.24558913047134243,-0.12236487473774355,-0.2449296847469191,-0.12381389138826905
difference|last_observed_point|current_position_only_personal_retrieval|0.66,-0.16682142595453597,-0.2417143457353118,-0.0950053991048635,-0.2427992727377711,-0.09700096617716183
difference|last_observed_point|current_position_only_personal_retrieval|0.75,-0.17702292957031768,-0.2505637529439839,-0.10612649730805018,-0.2506700374815026,-0.10932596442532751
primary_mean_difference|last_observed_point|current_position_only_personal_retrieval,-0.1939324617541155,-0.2539704395867387,-0.13712583583498128,-0.2545684336892603,-0.13873574629330557
interaction75_25|last_observed_point|current_position_only_personal_retrieval,0.07140560234407044,-0.005362300010348211,0.1558341902197341,-0.006547254459198635,0.15454412359452868
