analysis,requested_k,ambiguity_stratum,ratio,method,user_macro_hit_r90,user_macro_within_200m,user_macro_within_1000m,mean_user_median_error_m,users,user_case_sum
location_ambiguity,5,high,0.25,recurrent,0.273963997791014,0.28663311643041467,0.4018911243102143,6135.630082807978,31,502
location_ambiguity,5,high,0.25,current_position_only_personal_retrieval,0.07485055872562983,0.1006870218286464,0.1903254932587887,7695.189734257775,31,502
location_ambiguity,5,high,0.25,geometric_retrieval,0.21213435129225036,0.2527951790848069,0.34791899287435524,6170.032349531399,31,502
location_ambiguity,5,high,0.25,most_frequent_personal_destination,0.2850408573252789,0.2905086503800784,0.42477520631047133,6542.556041210634,31,502
location_ambiguity,5,high,0.25,probabilistic_grid_pattern_retrieval,0.3085041104447398,0.3514345584694349,0.433005667542791,6157.714518869621,31,502
location_ambiguity,5,high,0.25,tsmini,0.19465144799808434,0.23398128934048326,0.34767734276828544,7813.126151851293,31,502
location_ambiguity,5,high,0.5,recurrent,0.2399854394809425,0.27871316706736576,0.39364373054730933,64040.760160406506,30,442
location_ambiguity,5,high,0.5,current_position_only_personal_retrieval,0.1254638097060178,0.1781963566948939,0.27651319238902156,67900.9618618456,30,442
location_ambiguity,5,high,0.5,geometric_retrieval,0.1876127138344356,0.20882663879836055,0.36776572524052464,69759.54969165342,30,442
location_ambiguity,5,high,0.5,most_frequent_personal_destination,0.19047815131980037,0.21444942411537143,0.32746820590721754,57428.441188823825,30,442
location_ambiguity,5,high,0.5,probabilistic_grid_pattern_retrieval,0.25621999328267614,0.2909046504129854,0.43778245513740693,69515.42358137153,30,442
location_ambiguity,5,high,0.5,tsmini,0.181519973284565,0.21003127408246458,0.36174091393425606,71446.75143811191,30,442
location_ambiguity,5,high,0.66,recurrent,0.28598925879285697,0.321266973860677,0.4294238846412759,88899.26717154034,29,407
location_ambiguity,5,high,0.66,current_position_only_personal_retrieval,0.15985544872351468,0.190055519215939,0.31107931467751554,89866.58338181712,29,407
location_ambiguity,5,high,0.66,geometric_retrieval,0.24950418496145635,0.29399770396771896,0.42959613851667827,88090.56659870382,29,407
location_ambiguity,5,high,0.66,most_frequent_personal_destination,0.31356918504594666,0.3516016488655169,0.45266158163459513,90731.02606004517,29,407
location_ambiguity,5,high,0.66,probabilistic_grid_pattern_retrieval,0.28966345042057184,0.32849670432129197,0.44959270394053,87837.07829736982,29,407
location_ambiguity,5,high,0.66,tsmini,0.27198857866024284,0.30813491025634954,0.4427445210353756,98389.21446499076,29,407
location_ambiguity,5,high,0.75,recurrent,0.1269455062007444,0.19384955280252103,0.3330683173952094,7221.053807727607,32,401
location_ambiguity,5,high,0.75,current_position_only_personal_retrieval,0.09533623178392833,0.19870891726740436,0.33407885421921135,6036.063664374616,32,401
location_ambiguity,5,high,0.75,geometric_retrieval,0.13088715329928657,0.2026687442632752,0.4062926192545609,6107.918384108731,32,401
location_ambiguity,5,high,0.75,most_frequent_personal_destination,0.1499315499982061,0.20865109605867108,0.29874111723356916,8069.435345987771,32,401
location_ambiguity,5,high,0.75,probabilistic_grid_pattern_retrieval,0.142892173352732,0.22590496732423943,0.38551357021640886,5536.906542657576,32,401
location_ambiguity,5,high,0.75,tsmini,0.13288260678219926,0.2035340328159438,0.37021727982897173,10746.145738097373,32,401
location_ambiguity,5,low,0.25,recurrent,0.5129728001811336,0.5465569438486105,0.687344274830386,1427.245874785175,36,387
location_ambiguity,5,low,0.25,current_position_only_personal_retrieval,0.5289232883677327,0.5685917763001096,0.696986639417195,1182.2961241367977,36,387
location_ambiguity,5,low,0.25,geometric_retrieval,0.5424527404388515,0.5846112183612183,0.7244674436341103,1122.1780490020687,36,387
location_ambiguity,5,low,0.25,most_frequent_personal_destination,0.45514353639353644,0.489765628723962,0.6091195858556969,2685.3166217593234,36,387
location_ambiguity,5,low,0.25,probabilistic_grid_pattern_retrieval,0.551019938589383,0.587982943260721,0.7156367875812321,1456.4381003372819,36,387
location_ambiguity,5,low,0.25,tsmini,0.4882252291974514,0.5273136926609149,0.6797718452579563,1771.960444432185,36,387
location_ambiguity,5,low,0.5,recurrent,0.565914303701189,0.6124166202035054,0.7141552533355812,1046.1150539657356,37,624
location_ambiguity,5,low,0.5,current_position_only_personal_retrieval,0.48337420001354425,0.5361372183503331,0.6729746236303614,1322.6842545776747,37,624
location_ambiguity,5,low,0.5,geometric_retrieval,0.5599029065422508,0.6067175277831016,0.732356665307485,849.5533260809078,37,624
location_ambiguity,5,low,0.5,most_frequent_personal_destination,0.3913946491815344,0.427779892288089,0.5329576653347144,2617.6831185759133,37,624
location_ambiguity,5,low,0.5,probabilistic_grid_pattern_retrieval,0.5835507084687412,0.6335810984991314,0.7357416113973491,734.4443829443113,37,624
location_ambiguity,5,low,0.5,tsmini,0.5284086540152113,0.5707690939166349,0.7093312367574663,1137.868716668406,37,624
location_ambiguity,5,low,0.66,recurrent,0.590248975969926,0.6434027013945249,0.7709563245693211,419.0819839977248,35,656
location_ambiguity,5,low,0.66,current_position_only_personal_retrieval,0.5796474368460262,0.6267629725012225,0.7770330896031906,326.66858361218283,35,656
location_ambiguity,5,low,0.66,geometric_retrieval,0.5571989734015269,0.6168106317365051,0.7607111268163405,359.60697061172124,35,656
location_ambiguity,5,low,0.66,most_frequent_personal_destination,0.43440934063599007,0.46124815962797355,0.5769990023592075,2579.7998359092853,35,656
location_ambiguity,5,low,0.66,probabilistic_grid_pattern_retrieval,0.6008392400892456,0.6513073677083955,0.7730177523894453,297.6537737365161,35,656
location_ambiguity,5,low,0.66,tsmini,0.5492251130399995,0.6022826368636738,0.7394084218374682,570.0281939247446,35,656
location_ambiguity,5,low,0.75,recurrent,0.5643114206865112,0.6136253962261596,0.7526007079447492,928.1651061124546,37,732
location_ambiguity,5,low,0.75,current_position_only_personal_retrieval,0.5761561733957277,0.6377730761911569,0.7582017848495692,680.7551466147657,37,732
location_ambiguity,5,low,0.75,geometric_retrieval,0.5412192542720503,0.5882868135237004,0.7545744770207303,845.661579184013,37,732
location_ambiguity,5,low,0.75,most_frequent_personal_destination,0.44940040060167796,0.4798763020091346,0.5891539724854423,2572.7014228603966,37,732
location_ambiguity,5,low,0.75,probabilistic_grid_pattern_retrieval,0.5677869014950171,0.6155855779838696,0.7620050969397005,741.8820954619761,37,732
location_ambiguity,5,low,0.75,tsmini,0.5185498014078728,0.5710632052686534,0.7273672589037051,1314.5969302882643,37,732
location_ambiguity,5,medium,0.25,recurrent,0.38181839133080514,0.4277748160455227,0.5164331093032963,2911.8298512877222,37,586
location_ambiguity,5,medium,0.25,current_position_only_personal_retrieval,0.288097531949717,0.35213727264778055,0.48308199165511556,2863.6762575414236,37,586
location_ambiguity,5,medium,0.25,geometric_retrieval,0.43003925307994095,0.4861215836921115,0.5964287079998829,1818.6771405750399,37,586
location_ambiguity,5,medium,0.25,most_frequent_personal_destination,0.36128664107469755,0.40430909107733504,0.499402018111837,29733.03763752522,37,586
location_ambiguity,5,medium,0.25,probabilistic_grid_pattern_retrieval,0.4451049690771747,0.5020796205816661,0.603989513918736,1447.1886889069458,37,586
location_ambiguity,5,medium,0.25,tsmini,0.368674047139013,0.41661416418778496,0.5380231536844714,2220.0991983595254,37,586
location_ambiguity,5,medium,0.5,recurrent,0.37919619004430766,0.42291677124510707,0.5466936227978623,3628.412719237407,36,409
location_ambiguity,5,medium,0.5,current_position_only_personal_retrieval,0.29482921862877715,0.3503592780902043,0.48307317285744733,3922.305971878225,36,409
location_ambiguity,5,medium,0.5,geometric_retrieval,0.3637706149262871,0.4321817454823868,0.5746843268384582,2799.224431868041,36,409
location_ambiguity,5,medium,0.5,most_frequent_personal_destination,0.3308721001010273,0.34839221668723586,0.45470563102684536,4021.1578904800026,36,409
location_ambiguity,5,medium,0.5,probabilistic_grid_pattern_retrieval,0.4131162772425474,0.4593284710403235,0.5852831077989332,2484.1472997432447,36,409
location_ambiguity,5,medium,0.5,tsmini,0.3471734441755681,0.4134655031427478,0.5462045781844216,3551.927645258002,36,409
location_ambiguity,5,medium,0.66,recurrent,0.35513507535086924,0.414747011533785,0.5404584701423044,2810.5734806244805,37,412
location_ambiguity,5,medium,0.66,current_position_only_personal_retrieval,0.2668504603080319,0.34677056123317906,0.5201855276569765,2888.8029977431434,37,412
location_ambiguity,5,medium,0.66,geometric_retrieval,0.3431629206727697,0.425353237345845,0.5943337401240991,2205.7603463597143,37,412
location_ambiguity,5,medium,0.66,most_frequent_personal_destination,0.2819934916284126,0.3115514813735344,0.3929394798872688,8047.889892898961,37,412
location_ambiguity,5,medium,0.66,probabilistic_grid_pattern_retrieval,0.37911595717248414,0.4450729969730899,0.5653436061928382,2345.9416641819325,37,412
location_ambiguity,5,medium,0.66,tsmini,0.3544992266681214,0.4342004187561047,0.5698926304832418,3060.5644347402704,37,412
location_ambiguity,5,medium,0.75,recurrent,0.3710409610107924,0.4206531555795087,0.5605746887934111,3023.3391145041455,35,342
location_ambiguity,5,medium,0.75,current_position_only_personal_retrieval,0.3525125308488219,0.40627795796828625,0.5578851787569623,2165.3198726600785,35,342
location_ambiguity,5,medium,0.75,geometric_retrieval,0.37438943019910187,0.43714880234622916,0.643701136436274,2501.068286789466,35,342
location_ambiguity,5,medium,0.75,most_frequent_personal_destination,0.28231221430644676,0.30146764824448946,0.400888621631745,12646.183822257837,35,342
location_ambiguity,5,medium,0.75,probabilistic_grid_pattern_retrieval,0.43629959978895205,0.4958644793538316,0.5932752949012932,2564.906986055063,35,342
location_ambiguity,5,medium,0.75,tsmini,0.35608602149107915,0.41515421406947584,0.5995323344702227,2811.3073018700316,35,342
location_ambiguity,10,high,0.25,recurrent,0.26577949997502764,0.27615153661667213,0.39433974498774016,8054.000464177364,30,586
location_ambiguity,10,high,0.25,current_position_only_personal_retrieval,0.16920649835994625,0.21937406227751016,0.3206209145130163,8228.578866647596,30,586
location_ambiguity,10,high,0.25,geometric_retrieval,0.26130263775945645,0.31903549132564335,0.408136089816526,7982.709894284134,30,586
location_ambiguity,10,high,0.25,most_frequent_personal_destination,0.29741098315040815,0.329988652394744,0.4649177601730477,8862.932491675494,30,586
location_ambiguity,10,high,0.25,probabilistic_grid_pattern_retrieval,0.32039480712591534,0.3887674049347876,0.48272105835748713,7755.961632519587,30,586
location_ambiguity,10,high,0.25,tsmini,0.22831045444523082,0.28491095779083225,0.39923175840911024,11059.528108103446,30,586
location_ambiguity,10,high,0.5,recurrent,0.2049496003671041,0.23354452511511795,0.3298192459146872,87981.02602259249,30,585
location_ambiguity,10,high,0.5,current_position_only_personal_retrieval,0.18944030303248904,0.21477661966137654,0.33162001808799696,87488.21075571254,30,585
location_ambiguity,10,high,0.5,geometric_retrieval,0.21543353866658602,0.24020336817402863,0.3539440030579181,87029.20613004694,30,585
location_ambiguity,10,high,0.5,most_frequent_personal_destination,0.2343163231760647,0.23894657640386066,0.33361957205137194,89630.33941408285,30,585
location_ambiguity,10,high,0.5,probabilistic_grid_pattern_retrieval,0.22671594877826912,0.26142551424314925,0.3799253543995626,86370.18491819817,30,585
location_ambiguity,10,high,0.5,tsmini,0.20966299093128285,0.24297057609531872,0.35479390151938633,89035.15626715445,30,585
location_ambiguity,10,high,0.66,recurrent,0.2535084874522879,0.307171500430573,0.41626189525080654,94291.11165925128,32,532
location_ambiguity,10,high,0.66,current_position_only_personal_retrieval,0.15206386271658448,0.20554706927816807,0.34506691323349586,93324.52033584502,32,532
location_ambiguity,10,high,0.66,geometric_retrieval,0.19779599223021602,0.27592718899044505,0.4239770906177156,93029.76757098868,32,532
location_ambiguity,10,high,0.66,most_frequent_personal_destination,0.278373670460364,0.30492406604931804,0.3908668172944887,96473.85573828335,32,532
location_ambiguity,10,high,0.66,probabilistic_grid_pattern_retrieval,0.2533933108781899,0.3203708356215917,0.41755280617679813,93209.52676751238,32,532
location_ambiguity,10,high,0.66,tsmini,0.21919431386266064,0.28134112580407944,0.4119575422057781,94324.6385992515,32,532
location_ambiguity,10,high,0.75,recurrent,0.17329008925539707,0.23045190592661224,0.3211779980961195,5003.770197889924,30,541
location_ambiguity,10,high,0.75,current_position_only_personal_retrieval,0.16625521762349096,0.2686580991025025,0.41820085133338064,3770.428293277871,30,541
location_ambiguity,10,high,0.75,geometric_retrieval,0.22268056677739312,0.3001651058559681,0.43588083761765134,3938.7366116476032,30,541
location_ambiguity,10,high,0.75,most_frequent_personal_destination,0.1753086262780458,0.19986216037643226,0.2911521060930248,5003.643968004615,30,541
location_ambiguity,10,high,0.75,probabilistic_grid_pattern_retrieval,0.2489448070160231,0.3283618114209396,0.4201371194551636,3858.4006359624614,30,541
location_ambiguity,10,high,0.75,tsmini,0.2086995235499331,0.27784657761691917,0.40647044215019235,4515.065450888997,30,541
location_ambiguity,10,low,0.25,recurrent,0.4661491086982133,0.5031216866592699,0.5999683695319574,2192.253932032003,32,484
location_ambiguity,10,low,0.25,current_position_only_personal_retrieval,0.44391858048745714,0.48223628823155,0.5856773396346957,2129.525406284055,32,484
location_ambiguity,10,low,0.25,geometric_retrieval,0.5054718011917032,0.5432976107876479,0.6735549986772779,1244.9825470577032,32,484
location_ambiguity,10,low,0.25,most_frequent_personal_destination,0.4034245370616937,0.4342489035822918,0.5312251060331868,3316.4192496859373,32,484
location_ambiguity,10,low,0.25,probabilistic_grid_pattern_retrieval,0.4972310696358886,0.539398415061141,0.6529493933754464,1569.2947114818132,32,484
location_ambiguity,10,low,0.25,tsmini,0.4374993472074309,0.4721544061112455,0.6116254337137703,2141.427880926495,32,484
location_ambiguity,10,low,0.5,recurrent,0.5917244597873345,0.6166073471665166,0.7477253465671554,992.4158203406531,34,457
location_ambiguity,10,low,0.5,current_position_only_personal_retrieval,0.5172705533621317,0.547489405717207,0.6864647781863381,1598.3322084581475,34,457
location_ambiguity,10,low,0.5,geometric_retrieval,0.5854221145358093,0.6273031334411514,0.7638924579508204,846.3276162782148,34,457
location_ambiguity,10,low,0.5,most_frequent_personal_destination,0.41763739091566643,0.43816103391189026,0.5773680226886537,2424.41199971948,34,457
location_ambiguity,10,low,0.5,probabilistic_grid_pattern_retrieval,0.5933188740900683,0.6190052149816823,0.749566020165783,895.7230060384074,34,457
location_ambiguity,10,low,0.5,tsmini,0.5456938767762329,0.5771206013866247,0.7300029520300747,1053.7147381465793,34,457
location_ambiguity,10,low,0.66,recurrent,0.6254642362141454,0.6713005714518472,0.7705100247111708,938.739032807108,32,548
location_ambiguity,10,low,0.66,current_position_only_personal_retrieval,0.5885350368831022,0.6229396339728595,0.762727543097672,663.2052602750282,32,548
location_ambiguity,10,low,0.66,geometric_retrieval,0.561239667395723,0.600496067033936,0.7550151071433513,660.5950137992943,32,548
location_ambiguity,10,low,0.66,most_frequent_personal_destination,0.455543618039514,0.4871205276183336,0.5718340063733552,2805.0641762302894,32,548
location_ambiguity,10,low,0.66,probabilistic_grid_pattern_retrieval,0.6350225114992385,0.6790353230384166,0.7768264826266876,599.4242823138709,32,548
location_ambiguity,10,low,0.66,tsmini,0.5677910599940222,0.610107629746417,0.7514361471307494,829.8989878199425,32,548
location_ambiguity,10,low,0.75,recurrent,0.6650104737847442,0.7372508231037416,0.8130419682663024,714.6362498265735,30,492
location_ambiguity,10,low,0.75,current_position_only_personal_retrieval,0.6260730452995431,0.6810464104972468,0.8179380931548244,991.5469934164745,30,492
location_ambiguity,10,low,0.75,geometric_retrieval,0.6624058123243406,0.7377228031632083,0.8193069584899138,820.7759984906113,30,492
location_ambiguity,10,low,0.75,most_frequent_personal_destination,0.5148126614079023,0.5786856075573691,0.6481253281984685,2742.8428822568976,30,492
location_ambiguity,10,low,0.75,probabilistic_grid_pattern_retrieval,0.6906905092943071,0.7630672956895498,0.8355221528950216,594.65317189808,30,492
location_ambiguity,10,low,0.75,tsmini,0.6354639414324563,0.7050949834248487,0.8002138163693827,802.4644449972001,30,492
location_ambiguity,10,medium,0.25,recurrent,0.34339928399609093,0.38012966396214115,0.5110241848203311,2883.8926973918324,34,405
location_ambiguity,10,medium,0.25,current_position_only_personal_retrieval,0.20698283573656043,0.2493815320204681,0.4041638298769214,4552.192808327084,34,405
location_ambiguity,10,medium,0.25,geometric_retrieval,0.36668671887497867,0.4115222845865035,0.5398226947868552,2300.319159817758,34,405
location_ambiguity,10,medium,0.25,most_frequent_personal_destination,0.37165400420767863,0.4173582961546365,0.5309302446231184,2464.593066381629,34,405
location_ambiguity,10,medium,0.25,probabilistic_grid_pattern_retrieval,0.44967128263864725,0.4914910361930179,0.6122763704074943,1721.6229737930328,34,405
location_ambiguity,10,medium,0.25,tsmini,0.3438321614627139,0.39130316980160107,0.536078075687668,3034.623162390262,34,405
location_ambiguity,10,medium,0.5,recurrent,0.45451267099987563,0.5076980657019877,0.624756529827223,1622.6421354059348,35,433
location_ambiguity,10,medium,0.5,current_position_only_personal_retrieval,0.3393752895432472,0.39033087995407834,0.5427827634992063,2038.3270649081774,35,433
location_ambiguity,10,medium,0.5,geometric_retrieval,0.4361515290641676,0.49980616654319954,0.6526903121427095,1093.0754877343236,35,433
location_ambiguity,10,medium,0.5,most_frequent_personal_destination,0.36051134424435727,0.4037662608623487,0.5087240947364489,2299.4500976223603,35,433
location_ambiguity,10,medium,0.5,probabilistic_grid_pattern_retrieval,0.48741741706561786,0.5434858787031549,0.6629111142658549,892.6924276290085,35,433
location_ambiguity,10,medium,0.5,tsmini,0.43739612107052056,0.48938971753698685,0.6351682871750525,1718.6526147444215,35,433
location_ambiguity,10,medium,0.66,recurrent,0.4014438267363964,0.460968480672815,0.5820013117722096,5571.190811232787,37,395
location_ambiguity,10,medium,0.66,current_position_only_personal_retrieval,0.3748309326482701,0.4615456928924421,0.5639664070856021,5371.259949874159,37,395
location_ambiguity,10,medium,0.66,geometric_retrieval,0.38538546467339035,0.48129874808667383,0.6136886960648571,5010.404095677249,37,395
location_ambiguity,10,medium,0.66,most_frequent_personal_destination,0.2992967087394332,0.33612719409933034,0.4497475349332935,7865.165836350937,37,395
location_ambiguity,10,medium,0.66,probabilistic_grid_pattern_retrieval,0.40076422373635995,0.4672556562572042,0.5834607352641409,5177.296374424255,37,395
location_ambiguity,10,medium,0.66,tsmini,0.3833515037942282,0.46976122082159233,0.5997885339681005,6272.738069055,37,395
location_ambiguity,10,medium,0.75,recurrent,0.4016934318560087,0.46556920367933957,0.5974962985268846,5220.181582878526,35,442
location_ambiguity,10,medium,0.75,current_position_only_personal_retrieval,0.3594211722089225,0.39998584534295006,0.5402245850853044,5290.271777844304,35,442
location_ambiguity,10,medium,0.75,geometric_retrieval,0.34255210629850324,0.4011464848737798,0.5908134703685954,5319.663073960475,35,442
location_ambiguity,10,medium,0.75,most_frequent_personal_destination,0.3130886980809581,0.33164430373629844,0.43369901274890676,36947.47957347334,35,442
location_ambiguity,10,medium,0.75,probabilistic_grid_pattern_retrieval,0.42118385691438504,0.4875920030418726,0.6210326840127889,4889.183648023748,35,442
location_ambiguity,10,medium,0.75,tsmini,0.3624153741345707,0.42124100708807655,0.5883517482112322,6246.194025120635,35,442
location_ambiguity,20,high,0.25,recurrent,0.2623622365718274,0.28136557351969665,0.4071018277824898,61899.2915888136,26,633
location_ambiguity,20,high,0.25,current_position_only_personal_retrieval,0.15482026721162379,0.21217957457093115,0.3758876036321641,53817.53295737863,26,633
location_ambiguity,20,high,0.25,geometric_retrieval,0.2174448822441129,0.28459823773993087,0.3919819114853504,54107.96610299771,26,633
location_ambiguity,20,high,0.25,most_frequent_personal_destination,0.2884517438860021,0.3345608814040025,0.47446727183816545,55467.276272096366,26,633
location_ambiguity,20,high,0.25,probabilistic_grid_pattern_retrieval,0.2758514866579456,0.3509941661571008,0.48936222723637707,52932.79502047076,26,633
location_ambiguity,20,high,0.25,tsmini,0.19445338285149816,0.25333817625471944,0.38498948766215896,55461.80307881519,26,633
location_ambiguity,20,high,0.5,recurrent,0.22137753363274768,0.2870171678702093,0.4052654539742376,92183.62493107228,28,597
location_ambiguity,20,high,0.5,current_position_only_personal_retrieval,0.16591714306723557,0.21150426765172012,0.36001387586326766,92138.68981167758,28,597
location_ambiguity,20,high,0.5,geometric_retrieval,0.19289574572720689,0.24593590367009358,0.3966687471194082,91643.91253077924,28,597
location_ambiguity,20,high,0.5,most_frequent_personal_destination,0.1991167670432617,0.23811701832803012,0.3768532328869568,94556.37226013212,28,597
location_ambiguity,20,high,0.5,probabilistic_grid_pattern_retrieval,0.23126377792573435,0.30296058399314024,0.44315837752368015,90948.72201717066,28,597
location_ambiguity,20,high,0.5,tsmini,0.18290063791223418,0.23467399984106713,0.3789965307678768,92299.30347630396,28,597
location_ambiguity,20,high,0.66,recurrent,0.21502230101302314,0.28398742141390876,0.4032752374110778,12348.490540305254,27,561
location_ambiguity,20,high,0.66,current_position_only_personal_retrieval,0.20317926125843505,0.26870615767524164,0.3882109633980334,11664.672176050863,27,561
location_ambiguity,20,high,0.66,geometric_retrieval,0.19913776908588585,0.28431179893284664,0.4053181005756044,11642.45905123565,27,561
location_ambiguity,20,high,0.66,most_frequent_personal_destination,0.17676305477761287,0.19575821979568994,0.30764657321723654,13258.65165627037,27,561
location_ambiguity,20,high,0.66,probabilistic_grid_pattern_retrieval,0.2266773590733573,0.30481316623503957,0.4234352700566259,11512.778242906954,27,561
location_ambiguity,20,high,0.66,tsmini,0.1884450486038972,0.25926285144282973,0.38159524489628543,12834.948126243227,27,561
location_ambiguity,20,high,0.75,recurrent,0.22118397248003976,0.28876961100031884,0.40591154783176964,4069.8579436531077,27,555
location_ambiguity,20,high,0.75,current_position_only_personal_retrieval,0.21632977726151636,0.31680202363132864,0.41972925267031375,3475.9175303495217,27,555
location_ambiguity,20,high,0.75,geometric_retrieval,0.23968857588782183,0.3232087297212504,0.4536541248022399,4243.370857130379,27,555
location_ambiguity,20,high,0.75,most_frequent_personal_destination,0.1878162467600816,0.2019739847807901,0.32119046295637044,5263.31766938753,27,555
location_ambiguity,20,high,0.75,probabilistic_grid_pattern_retrieval,0.24729197256209973,0.3267617521918974,0.4487943989376019,3641.8234036901285,27,555
location_ambiguity,20,high,0.75,tsmini,0.20108192966098828,0.2821344651256849,0.4196083238980657,4555.645312350317,27,555
location_ambiguity,20,low,0.25,recurrent,0.43924019339164366,0.5164918648012632,0.6030335497585961,1985.4671697095057,26,383
location_ambiguity,20,low,0.25,current_position_only_personal_retrieval,0.41296429847857835,0.47046675174308195,0.5601238964248476,2047.8697408206976,26,383
location_ambiguity,20,low,0.25,geometric_retrieval,0.4453175782125204,0.4962198205424476,0.6323008454564819,1635.6622743649439,26,383
location_ambiguity,20,low,0.25,most_frequent_personal_destination,0.3915089999899037,0.4458268508341237,0.5207714158061788,3500.59263114562,26,383
location_ambiguity,20,low,0.25,probabilistic_grid_pattern_retrieval,0.4828892459248055,0.5376330414383912,0.6152426454874287,1611.6823710606463,26,383
location_ambiguity,20,low,0.25,tsmini,0.4128151009053687,0.469415946702929,0.570446193810788,10025.194031155881,26,383
location_ambiguity,20,low,0.5,recurrent,0.6180800195709846,0.647493303799336,0.7626901601303115,789.9472138848325,26,410
location_ambiguity,20,low,0.5,current_position_only_personal_retrieval,0.525946860671123,0.5587508820545136,0.7090144628167621,1570.5942317428332,26,410
location_ambiguity,20,low,0.5,geometric_retrieval,0.594815488300426,0.6383533517319611,0.7837374881759824,725.4401450277481,26,410
location_ambiguity,20,low,0.5,most_frequent_personal_destination,0.47160668706922404,0.5014424810278655,0.6227554184163936,2829.522439834662,26,410
location_ambiguity,20,low,0.5,probabilistic_grid_pattern_retrieval,0.6462575946543224,0.677295495049624,0.7978535214321167,735.1969623565438,26,410
location_ambiguity,20,low,0.5,tsmini,0.5946227564385793,0.6326964065807246,0.7658683415592259,872.7753179544451,26,410
location_ambiguity,20,low,0.66,recurrent,0.6336551000847186,0.6894964028287295,0.7827459644313036,1143.1822034995205,26,494
location_ambiguity,20,low,0.66,current_position_only_personal_retrieval,0.5835363260270374,0.6197929894678389,0.7490939724159519,1077.3179765573843,26,494
location_ambiguity,20,low,0.66,geometric_retrieval,0.5793557693715126,0.639758622536207,0.7589821822417316,2060.5036084879234,26,494
location_ambiguity,20,low,0.66,most_frequent_personal_destination,0.47513588983390814,0.5229480799107974,0.606589573916538,2139.4087953023704,26,494
location_ambiguity,20,low,0.66,probabilistic_grid_pattern_retrieval,0.5972680159193074,0.6523184428724424,0.7481049680979529,2080.9746538282952,26,494
location_ambiguity,20,low,0.66,tsmini,0.5817245975625648,0.6391019861633331,0.7600013034195399,1910.185656574424,26,494
location_ambiguity,20,low,0.75,recurrent,0.62431858020096,0.6734929571115051,0.7846346844529889,821.7225910017106,24,461
location_ambiguity,20,low,0.75,current_position_only_personal_retrieval,0.6025139705710275,0.6654823052802497,0.8036933317589382,1198.019834741589,24,461
location_ambiguity,20,low,0.75,geometric_retrieval,0.6003789435949888,0.6539597162792125,0.794324047274377,976.4092469583615,24,461
location_ambiguity,20,low,0.75,most_frequent_personal_destination,0.4578867793894333,0.4972839571894497,0.613265453141194,1927.6112459194512,24,461
location_ambiguity,20,low,0.75,probabilistic_grid_pattern_retrieval,0.6266969966001864,0.6744068162520342,0.7683653777961208,801.7086940323478,24,461
location_ambiguity,20,low,0.75,tsmini,0.5837759291389831,0.6353134010760167,0.7762435875786755,1057.6368523715425,24,461
location_ambiguity,20,medium,0.25,recurrent,0.40337342237734863,0.4401945008190105,0.535010383956241,2233.371883147917,29,459
location_ambiguity,20,medium,0.25,current_position_only_personal_retrieval,0.33310907562938835,0.3858158169436726,0.4903309462697548,2972.452629492423,29,459
location_ambiguity,20,medium,0.25,geometric_retrieval,0.43112008757092873,0.48100978924623283,0.5954836417239464,1678.6816851350175,29,459
location_ambiguity,20,medium,0.25,most_frequent_personal_destination,0.3673898001141033,0.3942213177539753,0.4829575856659355,2712.9777548345473,29,459
location_ambiguity,20,medium,0.25,probabilistic_grid_pattern_retrieval,0.4635676060908794,0.5184235445360189,0.6004818121412319,1403.4652590845508,29,459
location_ambiguity,20,medium,0.25,tsmini,0.36896373587441933,0.4236280835647107,0.5518691517085054,2768.2389750568914,29,459
location_ambiguity,20,medium,0.5,recurrent,0.40834800800504395,0.4556646078270653,0.5585641499933331,1957.4207609538187,32,468
location_ambiguity,20,medium,0.5,current_position_only_personal_retrieval,0.3584630825357103,0.4114476602132095,0.5467964872610578,2185.5499390357663,32,468
location_ambiguity,20,medium,0.5,geometric_retrieval,0.43934710973326496,0.4896375216731202,0.615401518492894,1243.7013939217836,32,468
location_ambiguity,20,medium,0.5,most_frequent_personal_destination,0.35702749572388776,0.3870864206949679,0.46095264566054567,2593.884656211911,32,468
location_ambiguity,20,medium,0.5,probabilistic_grid_pattern_retrieval,0.43936871784185605,0.48819181434516223,0.59307430621464,1280.4360137485407,32,468
location_ambiguity,20,medium,0.5,tsmini,0.4174369741923619,0.4676197975567601,0.6009595976447796,1822.2202130910403,32,468
location_ambiguity,20,medium,0.66,recurrent,0.38374710827470765,0.42431478914926707,0.5370594222201702,2601.67800789992,32,420
location_ambiguity,20,medium,0.66,current_position_only_personal_retrieval,0.35583982798030867,0.4346231773332691,0.5464330768993915,1885.6672403106365,32,420
location_ambiguity,20,medium,0.66,geometric_retrieval,0.35326255912213844,0.3934998019502672,0.5431334695446571,1834.2080964026939,32,420
location_ambiguity,20,medium,0.66,most_frequent_personal_destination,0.33409726911908777,0.3506861943742665,0.4379405556152839,3722.7508838547733,32,420
location_ambiguity,20,medium,0.66,probabilistic_grid_pattern_retrieval,0.383419085054589,0.4279878362725225,0.5416890871002463,1779.961881207894,32,420
location_ambiguity,20,medium,0.66,tsmini,0.3560167675499751,0.3930799678504545,0.5462537434829465,2291.4958662180934,32,420
location_ambiguity,20,medium,0.75,recurrent,0.42581680422547297,0.4558398676200534,0.5661707912789292,3449.226763449794,35,459
location_ambiguity,20,medium,0.75,current_position_only_personal_retrieval,0.39476285410495937,0.42089861994771327,0.5536535427977268,1869.7738024836306,35,459
location_ambiguity,20,medium,0.75,geometric_retrieval,0.34467162753540465,0.3807914227728469,0.5337372551359725,2470.59050034776,35,459
location_ambiguity,20,medium,0.75,most_frequent_personal_destination,0.3162239122942352,0.3348126721755647,0.4213525399118057,3933.3844518815376,35,459
location_ambiguity,20,medium,0.75,probabilistic_grid_pattern_retrieval,0.40056632357273664,0.4286981106596321,0.5494816226085576,2321.0398984486424,35,459
location_ambiguity,20,medium,0.75,tsmini,0.3614776812373009,0.39813969683894496,0.5362755379582005,2644.3933954130152,35,459
