analysis,destination_popularity_stratum,prefix_familiarity,ratio,method,user_macro_hit_r90,user_macro_within_200m,user_macro_within_1000m,mean_user_median_error_m,users,user_case_sum
joint_familiarity,other_repeated,analogue_present,0.25,bigru,0.3623384299701435,0.3646820340784535,0.469521635385233,3201.0705211989634,30,359
joint_familiarity,other_repeated,analogue_present,0.25,current_position_only_personal_retrieval,0.49703890588587946,0.5033881122350858,0.6048978960637101,1523.6022721607776,30,359
joint_familiarity,other_repeated,analogue_present,0.25,geometric_retrieval,0.6218412851160081,0.6202539835287065,0.709637684234871,893.3526870934238,30,359
joint_familiarity,other_repeated,analogue_present,0.25,most_frequent_personal_destination,0.0,0.0,0.17092630933210642,5131.3276883421795,30,359
joint_familiarity,other_repeated,analogue_present,0.25,probabilistic_grid_pattern_retrieval,0.49287739316192,0.49446469474922156,0.6063632263035502,1383.3342703226697,30,359
joint_familiarity,other_repeated,analogue_present,0.25,tsmini,0.48873174740544734,0.4888904775641775,0.6547697098455836,1427.95973590561,30,359
joint_familiarity,other_repeated,analogue_present,0.5,bigru,0.5048337201059748,0.5062249432619039,0.6182761384005437,1890.331498664425,30,358
joint_familiarity,other_repeated,analogue_present,0.5,current_position_only_personal_retrieval,0.45868360130164715,0.46374312511117094,0.5937879493413621,1785.907639326361,30,358
joint_familiarity,other_repeated,analogue_present,0.5,geometric_retrieval,0.5698107205136672,0.5737789744819212,0.6969295804773145,704.4921182402669,30,358
joint_familiarity,other_repeated,analogue_present,0.5,most_frequent_personal_destination,0.0,0.0,0.15450712517098678,5186.366434819616,30,358
joint_familiarity,other_repeated,analogue_present,0.5,probabilistic_grid_pattern_retrieval,0.5759115751456868,0.5801774481615598,0.6806843173161615,1087.1521517221431,30,358
joint_familiarity,other_repeated,analogue_present,0.5,tsmini,0.5627635846887903,0.5645714745113859,0.6926708439619915,921.6130588745984,30,358
joint_familiarity,other_repeated,analogue_present,0.66,bigru,0.5535529679823001,0.5535849015207428,0.6500979064150384,1502.307929192356,30,359
joint_familiarity,other_repeated,analogue_present,0.66,current_position_only_personal_retrieval,0.6573618350604291,0.666339196496807,0.7794100400166882,745.4736114303213,30,359
joint_familiarity,other_repeated,analogue_present,0.66,geometric_retrieval,0.6701789992523259,0.6795531860855293,0.7885404179454744,357.2946508887018,30,359
joint_familiarity,other_repeated,analogue_present,0.66,most_frequent_personal_destination,0.0,0.0,0.15421627376961186,5186.339415562948,30,359
joint_familiarity,other_repeated,analogue_present,0.66,probabilistic_grid_pattern_retrieval,0.5999919030526937,0.5989494232192302,0.6836513201998751,1135.857250752031,30,359
joint_familiarity,other_repeated,analogue_present,0.66,tsmini,0.6325655496139194,0.6395718521349278,0.7437907911455282,609.3347643258907,30,359
joint_familiarity,other_repeated,analogue_present,0.75,bigru,0.5413312693289593,0.5409482989365012,0.6435815103913789,1483.1084940720261,30,364
joint_familiarity,other_repeated,analogue_present,0.75,current_position_only_personal_retrieval,0.6923134079118872,0.6987734919455005,0.7800169162021182,534.8154852763671,30,364
joint_familiarity,other_repeated,analogue_present,0.75,geometric_retrieval,0.7310809126329023,0.7383805798116018,0.8459267490554101,201.26236853171125,30,364
joint_familiarity,other_repeated,analogue_present,0.75,most_frequent_personal_destination,0.0,0.0,0.1550447595795889,5185.455045765059,30,364
joint_familiarity,other_repeated,analogue_present,0.75,probabilistic_grid_pattern_retrieval,0.6461838659061454,0.6441698075946488,0.7384378242657607,937.480410875162,30,364
joint_familiarity,other_repeated,analogue_present,0.75,tsmini,0.6767803680975794,0.6844589395261507,0.7921533873436701,397.74665998597874,30,364
joint_familiarity,other_repeated,no_close_analogue,0.25,bigru,0.19848484848484851,0.21666666666666667,0.253030303030303,31699.16150955836,11,27
joint_familiarity,other_repeated,no_close_analogue,0.25,current_position_only_personal_retrieval,0.07575757575757575,0.07575757575757575,0.07575757575757575,29154.680885613318,11,27
joint_familiarity,other_repeated,no_close_analogue,0.25,geometric_retrieval,0.17727272727272728,0.14696969696969697,0.31363636363636366,6173.1378936718365,11,27
joint_familiarity,other_repeated,no_close_analogue,0.25,most_frequent_personal_destination,0.0,0.0,0.0606060606060606,4960.24836815798,11,27
joint_familiarity,other_repeated,no_close_analogue,0.25,probabilistic_grid_pattern_retrieval,0.2606060606060606,0.2303030303030303,0.3515151515151515,5158.374289727465,11,27
joint_familiarity,other_repeated,no_close_analogue,0.25,tsmini,0.09818181818181819,0.09818181818181819,0.21242424242424243,43380.15877041361,11,27
joint_familiarity,other_repeated,no_close_analogue,0.5,bigru,0.205,0.22583333333333333,0.33,65497.15527293316,12,28
joint_familiarity,other_repeated,no_close_analogue,0.5,current_position_only_personal_retrieval,0.2708333333333333,0.2708333333333333,0.4166666666666667,91710.95299897996,12,28
joint_familiarity,other_repeated,no_close_analogue,0.5,geometric_retrieval,0.26666666666666666,0.24583333333333335,0.30833333333333335,4824.353780114639,12,28
joint_familiarity,other_repeated,no_close_analogue,0.5,most_frequent_personal_destination,0.0,0.0,0.125,5038.726542457481,12,28
joint_familiarity,other_repeated,no_close_analogue,0.5,probabilistic_grid_pattern_retrieval,0.2333333333333333,0.25416666666666665,0.27499999999999997,10481.814675851636,12,28
joint_familiarity,other_repeated,no_close_analogue,0.5,tsmini,0.19833333333333336,0.19833333333333336,0.2975,80599.16016251467,12,28
joint_familiarity,other_repeated,no_close_analogue,0.66,bigru,0.23416666666666666,0.2508333333333333,0.3358333333333334,129706.58702899517,12,27
joint_familiarity,other_repeated,no_close_analogue,0.66,current_position_only_personal_retrieval,0.24583333333333335,0.28750000000000003,0.28750000000000003,6229.459926298048,12,27
joint_familiarity,other_repeated,no_close_analogue,0.66,geometric_retrieval,0.09583333333333333,0.09583333333333333,0.15416666666666667,5787.441898739112,12,27
joint_familiarity,other_repeated,no_close_analogue,0.66,most_frequent_personal_destination,0.0,0.0,0.13333333333333333,4574.788656072665,12,27
joint_familiarity,other_repeated,no_close_analogue,0.66,probabilistic_grid_pattern_retrieval,0.2125,0.25416666666666665,0.25416666666666665,5157.792843425887,12,27
joint_familiarity,other_repeated,no_close_analogue,0.66,tsmini,0.14250000000000002,0.15083333333333335,0.2466666666666667,51522.75886182908,12,27
joint_familiarity,other_repeated,no_close_analogue,0.75,bigru,0.29090909090909095,0.3090909090909091,0.43636363636363634,32102.77086207079,11,22
joint_familiarity,other_repeated,no_close_analogue,0.75,current_position_only_personal_retrieval,0.5227272727272727,0.5681818181818182,0.6818181818181818,3580.135051221264,11,22
joint_familiarity,other_repeated,no_close_analogue,0.75,geometric_retrieval,0.10909090909090909,0.10909090909090909,0.2,6622.745559994176,11,22
joint_familiarity,other_repeated,no_close_analogue,0.75,most_frequent_personal_destination,0.0,0.0,0.11363636363636363,5838.240592493075,11,22
joint_familiarity,other_repeated,no_close_analogue,0.75,probabilistic_grid_pattern_retrieval,0.29090909090909095,0.33636363636363636,0.33636363636363636,5903.430271833234,11,22
joint_familiarity,other_repeated,no_close_analogue,0.75,tsmini,0.18363636363636363,0.18363636363636363,0.3290909090909091,84632.78974556144,11,22
joint_familiarity,outside_training_r90,analogue_present,0.25,bigru,0.0,0.10861868905799726,0.3162046952513039,4888.536557008586,36,451
joint_familiarity,outside_training_r90,analogue_present,0.25,current_position_only_personal_retrieval,0.0,0.12841045798547313,0.3110817068801215,5265.8878686514345,36,451
joint_familiarity,outside_training_r90,analogue_present,0.25,geometric_retrieval,0.0,0.14179270587694665,0.34475056331440446,4455.037848402481,36,451
joint_familiarity,outside_training_r90,analogue_present,0.25,most_frequent_personal_destination,0.0,0.09424905828414601,0.25677866139971584,5694.661482736078,36,451
joint_familiarity,outside_training_r90,analogue_present,0.25,probabilistic_grid_pattern_retrieval,0.0,0.15029426872132648,0.3513125766746634,5164.9274876046065,36,451
joint_familiarity,outside_training_r90,analogue_present,0.25,tsmini,0.0,0.1313833093255089,0.3201518030667349,5750.0870762728955,36,451
joint_familiarity,outside_training_r90,analogue_present,0.5,bigru,0.0,0.13956930895043085,0.3652873707380669,4219.881409671084,35,445
joint_familiarity,outside_training_r90,analogue_present,0.5,current_position_only_personal_retrieval,0.0,0.16340892081141814,0.3615413402121563,4743.563659089043,35,445
joint_familiarity,outside_training_r90,analogue_present,0.5,geometric_retrieval,0.0,0.1752707887338416,0.39819565853628874,3963.501326973281,35,445
joint_familiarity,outside_training_r90,analogue_present,0.5,most_frequent_personal_destination,0.0,0.09672056840210601,0.26471066537504345,5325.232713004346,35,445
joint_familiarity,outside_training_r90,analogue_present,0.5,probabilistic_grid_pattern_retrieval,0.0,0.16289404539436533,0.4019585474696088,3791.1805260675683,35,445
joint_familiarity,outside_training_r90,analogue_present,0.5,tsmini,0.0,0.1632551961563776,0.3734634594106448,5358.766752875251,35,445
joint_familiarity,outside_training_r90,analogue_present,0.66,bigru,0.0,0.1646016108802868,0.41343567171761436,3706.3550619203475,35,436
joint_familiarity,outside_training_r90,analogue_present,0.66,current_position_only_personal_retrieval,0.0,0.17834314730126774,0.4069307154943507,3479.0263332260843,35,436
joint_familiarity,outside_training_r90,analogue_present,0.66,geometric_retrieval,0.0,0.1955266099180144,0.4488787115106641,3017.809418487799,35,436
joint_familiarity,outside_training_r90,analogue_present,0.66,most_frequent_personal_destination,0.0,0.10188742163532079,0.2684617351617459,5221.930186981848,35,436
joint_familiarity,outside_training_r90,analogue_present,0.66,probabilistic_grid_pattern_retrieval,0.0,0.16921081318189707,0.40913417461544627,2998.3111317554153,35,436
joint_familiarity,outside_training_r90,analogue_present,0.66,tsmini,0.0,0.18505128805303125,0.41489567295111074,4146.211397190971,35,436
joint_familiarity,outside_training_r90,analogue_present,0.75,bigru,0.0,0.17557659574602794,0.43686620152150923,3520.5221186800154,35,422
joint_familiarity,outside_training_r90,analogue_present,0.75,current_position_only_personal_retrieval,0.0,0.18211801924920928,0.4351039301743273,2809.487355233318,35,422
joint_familiarity,outside_training_r90,analogue_present,0.75,geometric_retrieval,0.0,0.1964651175747883,0.4587386865106652,2811.7669952771844,35,422
joint_familiarity,outside_training_r90,analogue_present,0.75,most_frequent_personal_destination,0.0,0.10168672597244026,0.2735482473585978,5089.822570559907,35,422
joint_familiarity,outside_training_r90,analogue_present,0.75,probabilistic_grid_pattern_retrieval,0.0,0.1773928592796884,0.4217086395729123,2816.007995884731,35,422
joint_familiarity,outside_training_r90,analogue_present,0.75,tsmini,0.0,0.1938102340289273,0.4439869722799235,3726.526093869964,35,422
joint_familiarity,outside_training_r90,no_close_analogue,0.25,bigru,0.0,0.022806297352576842,0.049426419085480525,212058.65311331145,28,127
joint_familiarity,outside_training_r90,no_close_analogue,0.25,current_position_only_personal_retrieval,0.0,0.013888888888888886,0.04949874686716792,163116.98311509364,28,127
joint_familiarity,outside_training_r90,no_close_analogue,0.25,geometric_retrieval,0.0,0.03164160401002506,0.048648406731113494,183761.38704750632,28,127
joint_familiarity,outside_training_r90,no_close_analogue,0.25,most_frequent_personal_destination,0.0,0.03936925647451963,0.08185642678123882,200487.8907059664,28,127
joint_familiarity,outside_training_r90,no_close_analogue,0.25,probabilistic_grid_pattern_retrieval,0.0,0.03475283035174142,0.04881405072615858,182223.98792756296,28,127
joint_familiarity,outside_training_r90,no_close_analogue,0.25,tsmini,0.0,0.026248811684383373,0.04714032618492043,254991.70343531817,28,127
joint_familiarity,outside_training_r90,no_close_analogue,0.5,bigru,0.0,0.07262874380521439,0.12118455074337428,162483.22157543577,26,133
joint_familiarity,outside_training_r90,no_close_analogue,0.5,current_position_only_personal_retrieval,0.0,0.07421353156647274,0.08520254255548373,150362.66469514876,26,133
joint_familiarity,outside_training_r90,no_close_analogue,0.5,geometric_retrieval,0.0,0.05647489765136823,0.11557853910795088,160328.30130411565,26,133
joint_familiarity,outside_training_r90,no_close_analogue,0.5,most_frequent_personal_destination,0.0,0.07668605903900022,0.09627504848093084,181051.91951680512,26,133
joint_familiarity,outside_training_r90,no_close_analogue,0.5,probabilistic_grid_pattern_retrieval,0.0,0.07698771816418876,0.12902122387416506,163992.4237332118,26,133
joint_familiarity,outside_training_r90,no_close_analogue,0.5,tsmini,0.0,0.07422753716871364,0.1261516914458091,184564.3114750048,26,133
joint_familiarity,outside_training_r90,no_close_analogue,0.66,bigru,0.0,0.04789940828402366,0.09509413663259816,163781.8219851133,26,142
joint_familiarity,outside_training_r90,no_close_analogue,0.66,current_position_only_personal_retrieval,0.0,0.04319526627218935,0.1395911780527165,172617.7181642945,26,142
joint_familiarity,outside_training_r90,no_close_analogue,0.66,geometric_retrieval,0.0,0.037721893491124266,0.10108481262327416,152766.49123477782,26,142
joint_familiarity,outside_training_r90,no_close_analogue,0.66,most_frequent_personal_destination,0.0,0.05739644970414201,0.08895015241169088,183393.6142043086,26,142
joint_familiarity,outside_training_r90,no_close_analogue,0.66,probabilistic_grid_pattern_retrieval,0.0,0.040680473372781065,0.11740182894029048,149376.35460034697,26,142
joint_familiarity,outside_training_r90,no_close_analogue,0.66,tsmini,0.0,0.04781065088757397,0.09892325623094854,193392.1593914074,26,142
joint_familiarity,outside_training_r90,no_close_analogue,0.75,bigru,0.0,0.04699712243571893,0.10209493641511186,129343.03488588717,27,156
joint_familiarity,outside_training_r90,no_close_analogue,0.75,current_position_only_personal_retrieval,0.0,0.10409704817599554,0.1826905226028033,113129.71361825586,27,156
joint_familiarity,outside_training_r90,no_close_analogue,0.75,geometric_retrieval,0.0,0.03791887125220459,0.09948192239858906,162871.42929380495,27,156
joint_familiarity,outside_training_r90,no_close_analogue,0.75,most_frequent_personal_destination,0.0,0.05504501995730066,0.09959795321637427,175270.92977007243,27,156
joint_familiarity,outside_training_r90,no_close_analogue,0.75,probabilistic_grid_pattern_retrieval,0.0,0.03986818899099601,0.11581616077230111,139558.67578198158,27,156
joint_familiarity,outside_training_r90,no_close_analogue,0.75,tsmini,0.0,0.042541539032767105,0.10854683003805811,164041.5578592101,27,156
joint_familiarity,popular_modal,analogue_present,0.25,bigru,0.7673619711042312,0.7493168583222763,0.8068784595177785,758.8112123922101,34,468
joint_familiarity,popular_modal,analogue_present,0.25,current_position_only_personal_retrieval,0.567551291252661,0.5553148177158779,0.6497967425964096,1202.292132296851,34,468
joint_familiarity,popular_modal,analogue_present,0.25,geometric_retrieval,0.6836057289365748,0.6793057633362996,0.7434097342707658,437.2169252549351,34,468
joint_familiarity,popular_modal,analogue_present,0.25,most_frequent_personal_destination,0.9784313725490196,0.9554081281635461,0.9784313725490196,42.78509233585317,34,468
joint_familiarity,popular_modal,analogue_present,0.25,probabilistic_grid_pattern_retrieval,0.8413650244134647,0.8267451413725291,0.8797508731708304,277.70234815649263,34,468
joint_familiarity,popular_modal,analogue_present,0.25,tsmini,0.613346720791373,0.6058426665380926,0.7200782722636365,1026.349306624065,34,468
joint_familiarity,popular_modal,analogue_present,0.5,bigru,0.8155161015141922,0.7960000465046176,0.8533059750393598,620.7121942868811,34,459
joint_familiarity,popular_modal,analogue_present,0.5,current_position_only_personal_retrieval,0.6348225404987901,0.6212204895089026,0.7322814679676876,1004.3553946188547,34,459
joint_familiarity,popular_modal,analogue_present,0.5,geometric_retrieval,0.68322011906151,0.675220308967981,0.7897697605687786,398.0948373482143,34,459
joint_familiarity,popular_modal,analogue_present,0.5,most_frequent_personal_destination,0.9784313725490196,0.955460602320024,0.9784313725490196,42.335584128450456,34,459
joint_familiarity,popular_modal,analogue_present,0.5,probabilistic_grid_pattern_retrieval,0.8257059185059148,0.8079021868437584,0.8733728079474802,152.77832110271197,34,459
joint_familiarity,popular_modal,analogue_present,0.5,tsmini,0.687459506681755,0.6802066620410738,0.7760332511493181,752.1675099525974,34,459
joint_familiarity,popular_modal,analogue_present,0.66,bigru,0.8520174276062288,0.8303698950056181,0.8914786363321434,482.48105013858753,34,468
joint_familiarity,popular_modal,analogue_present,0.66,current_position_only_personal_retrieval,0.7150508641540881,0.7010184326786731,0.7739454191999522,609.8684591645555,34,468
joint_familiarity,popular_modal,analogue_present,0.66,geometric_retrieval,0.7138038315295743,0.7054028192885197,0.8013917190059966,291.08583607047456,34,468
joint_familiarity,popular_modal,analogue_present,0.66,most_frequent_personal_destination,0.9784313725490196,0.9551031676795011,0.9784313725490196,42.09125329399577,34,468
joint_familiarity,popular_modal,analogue_present,0.66,probabilistic_grid_pattern_retrieval,0.8259967396378612,0.8092459008842807,0.9033387193804516,81.17163565142404,34,468
joint_familiarity,popular_modal,analogue_present,0.66,tsmini,0.7403147851620729,0.7271562449098139,0.8239052479752554,463.78801118763715,34,468
joint_familiarity,popular_modal,analogue_present,0.75,bigru,0.8620007612777892,0.8411935648116322,0.8919400703347454,410.6394955709294,34,473
joint_familiarity,popular_modal,analogue_present,0.75,current_position_only_personal_retrieval,0.7054367120978841,0.6970746455198403,0.7742220244276637,455.6860266126965,34,473
joint_familiarity,popular_modal,analogue_present,0.75,geometric_retrieval,0.7375433792551376,0.7254002451653435,0.8281711247947604,341.93217301131557,34,473
joint_familiarity,popular_modal,analogue_present,0.75,most_frequent_personal_destination,0.9784313725490196,0.9551031676795011,0.9784313725490196,41.935020914989416,34,473
joint_familiarity,popular_modal,analogue_present,0.75,probabilistic_grid_pattern_retrieval,0.8525362073233824,0.8320432467210624,0.9255631087619239,81.73225595804054,34,473
joint_familiarity,popular_modal,analogue_present,0.75,tsmini,0.7486743144138963,0.7353266095127268,0.8328945067855588,477.5809749147121,34,473
joint_familiarity,popular_modal,no_close_analogue,0.25,bigru,0.5364444444444445,0.4964444444444444,0.5953333333333333,103906.84774696468,15,43
joint_familiarity,popular_modal,no_close_analogue,0.25,current_position_only_personal_retrieval,0.2944444444444444,0.2944444444444444,0.3555555555555555,92324.55686335305,15,43
joint_familiarity,popular_modal,no_close_analogue,0.25,geometric_retrieval,0.5122222222222221,0.5122222222222221,0.6288888888888889,74274.01586143118,15,43
joint_familiarity,popular_modal,no_close_analogue,0.25,most_frequent_personal_destination,1.0,0.9333333333333333,1.0,80.64228902346251,15,43
joint_familiarity,popular_modal,no_close_analogue,0.25,probabilistic_grid_pattern_retrieval,0.62,0.62,0.7477777777777778,73776.18011630974,15,43
joint_familiarity,popular_modal,no_close_analogue,0.25,tsmini,0.45955555555555555,0.45955555555555555,0.5482222222222222,96082.64910817535,15,43
joint_familiarity,popular_modal,no_close_analogue,0.5,bigru,0.5563172637476043,0.5092584402181926,0.6445525578652513,91530.74776337892,17,52
joint_familiarity,popular_modal,no_close_analogue,0.5,current_position_only_personal_retrieval,0.39099955771782396,0.33217602830605925,0.479234851835471,134775.5839671913,17,52
joint_familiarity,popular_modal,no_close_analogue,0.5,geometric_retrieval,0.42969924812030075,0.42969924812030075,0.5272224679345422,68631.50059100096,17,52
joint_familiarity,popular_modal,no_close_analogue,0.5,most_frequent_personal_destination,1.0,0.9411764705882353,1.0,76.1980784663321,17,52
joint_familiarity,popular_modal,no_close_analogue,0.5,probabilistic_grid_pattern_retrieval,0.42954444935869085,0.42954444935869085,0.520875718708536,66934.90472244479,17,52
joint_familiarity,popular_modal,no_close_analogue,0.5,tsmini,0.42894441987321247,0.4171797139908595,0.5201724900486511,116781.90415939425,17,52
joint_familiarity,popular_modal,no_close_analogue,0.66,bigru,0.575,0.575,0.68125,69334.53391233289,16,43
joint_familiarity,popular_modal,no_close_analogue,0.66,current_position_only_personal_retrieval,0.47265625,0.47265625,0.53515625,70335.32151051576,16,43
joint_familiarity,popular_modal,no_close_analogue,0.66,geometric_retrieval,0.3671875,0.3671875,0.5,72647.32147743646,16,43
joint_familiarity,popular_modal,no_close_analogue,0.66,most_frequent_personal_destination,1.0,1.0,1.0,59.9812507715348,16,43
joint_familiarity,popular_modal,no_close_analogue,0.66,probabilistic_grid_pattern_retrieval,0.4609375,0.4609375,0.59375,70738.89148133493,16,43
joint_familiarity,popular_modal,no_close_analogue,0.66,tsmini,0.45625,0.45625,0.52265625,145544.2471240761,16,43
joint_familiarity,popular_modal,no_close_analogue,0.75,bigru,0.7504201680672269,0.7504201680672269,0.8327731092436974,1485.0540857746403,17,38
joint_familiarity,popular_modal,no_close_analogue,0.75,current_position_only_personal_retrieval,0.47198879551820727,0.47198879551820727,0.5392156862745098,4172.984155146001,17,38
joint_familiarity,popular_modal,no_close_analogue,0.75,geometric_retrieval,0.5140056022408963,0.5140056022408963,0.6400560224089636,5712.738413647026,17,38
joint_familiarity,popular_modal,no_close_analogue,0.75,most_frequent_personal_destination,1.0,1.0,1.0,57.61213963580183,17,38
joint_familiarity,popular_modal,no_close_analogue,0.75,probabilistic_grid_pattern_retrieval,0.5490196078431373,0.5490196078431373,0.6750700280112045,5048.4995226807805,17,38
joint_familiarity,popular_modal,no_close_analogue,0.75,tsmini,0.5554621848739496,0.5554621848739496,0.6176470588235294,102527.62662653787,17,38
